shard_id,band_idx,band_label,count
0,0,"[0.000,0.050]",15690
0,1,"[0.050,0.100]",5803
0,2,"[0.100,0.150]",3510
0,3,"[0.150,0.200]",2502
1,0,"[0.000,0.050]",15668
1,1,"[0.050,0.100]",5799
1,2,"[0.100,0.150]",3642
1,3,"[0.150,0.200]",2502
2,0,"[0.000,0.050]",15828
2,1,"[0.050,0.100]",5711
2,2,"[0.100,0.150]",3473
2,3,"[0.150,0.200]",2400
3,0,"[0.000,0.050]",15760
3,1,"[0.050,0.100]",5780
3,2,"[0.100,0.150]",3375
3,3,"[0.150,0.200]",2543
4,0,"[0.000,0.050]",15749
4,1,"[0.050,0.100]",5931
4,2,"[0.100,0.150]",3537
4,3,"[0.150,0.200]",2447
5,0,"[0.000,0.050]",15632
5,1,"[0.050,0.100]",5880
5,2,"[0.100,0.150]",3531
5,3,"[0.150,0.200]",2523
6,0,"[0.000,0.050]",15643
6,1,"[0.050,0.100]",5758
6,2,"[0.100,0.150]",3491
6,3,"[0.150,0.200]",2511
7,0,"[0.000,0.050]",15690
7,1,"[0.050,0.100]",5759
7,2,"[0.100,0.150]",3515
7,3,"[0.150,0.200]",2475
8,0,"[0.000,0.050]",15849
8,1,"[0.050,0.100]",5728
8,2,"[0.100,0.150]",3434
8,3,"[0.150,0.200]",2638
9,0,"[0.000,0.050]",15767
9,1,"[0.050,0.100]",5892
9,2,"[0.100,0.150]",3493
9,3,"[0.150,0.200]",2499
10,0,"[0.000,0.050]",15698
10,1,"[0.050,0.100]",5746
10,2,"[0.100,0.150]",3517
10,3,"[0.150,0.200]",2561
11,0,"[0.000,0.050]",15630
11,1,"[0.050,0.100]",5924
11,2,"[0.100,0.150]",3503
11,3,"[0.150,0.200]",2468
12,0,"[0.000,0.050]",15708
12,1,"[0.050,0.100]",5817
12,2,"[0.100,0.150]",3432
12,3,"[0.150,0.200]",2469
13,0,"[0.000,0.050]",15565
13,1,"[0.050,0.100]",5854
13,2,"[0.100,0.150]",3432
13,3,"[0.150,0.200]",2483
14,0,"[0.000,0.050]",15499
14,1,"[0.050,0.100]",5750
14,2,"[0.100,0.150]",3543
14,3,"[0.150,0.200]",2446
15,0,"[0.000,0.050]",15750
15,1,"[0.050,0.100]",5722
15,2,"[0.100,0.150]",3478
15,3,"[0.150,0.200]",2510
16,0,"[0.000,0.050]",15750
16,1,"[0.050,0.100]",5764
16,2,"[0.100,0.150]",3551
16,3,"[0.150,0.200]",2470
17,0,"[0.000,0.050]",15847
17,1,"[0.050,0.100]",5790
17,2,"[0.100,0.150]",3619
17,3,"[0.150,0.200]",2500
18,0,"[0.000,0.050]",15639
18,1,"[0.050,0.100]",5706
18,2,"[0.100,0.150]",3630
18,3,"[0.150,0.200]",2451
19,0,"[0.000,0.050]",15670
19,1,"[0.050,0.100]",5748
19,2,"[0.100,0.150]",3461
19,3,"[0.150,0.200]",2567
20,0,"[0.000,0.050]",15517
20,1,"[0.050,0.100]",5770
20,2,"[0.100,0.150]",3560
20,3,"[0.150,0.200]",2522
21,0,"[0.000,0.050]",15648
21,1,"[0.050,0.100]",5816
21,2,"[0.100,0.150]",3514
21,3,"[0.150,0.200]",2555
22,0,"[0.000,0.050]",15607
22,1,"[0.050,0.100]",5702
22,2,"[0.100,0.150]",3598
22,3,"[0.150,0.200]",2450
23,0,"[0.000,0.050]",15639
23,1,"[0.050,0.100]",5648
23,2,"[0.100,0.150]",3429
23,3,"[0.150,0.200]",2474
24,0,"[0.000,0.050]",15704
24,1,"[0.050,0.100]",5856
24,2,"[0.100,0.150]",3539
24,3,"[0.150,0.200]",2487
25,0,"[0.000,0.050]",15613
25,1,"[0.050,0.100]",5886
25,2,"[0.100,0.150]",3534
25,3,"[0.150,0.200]",2471
26,0,"[0.000,0.050]",15820
26,1,"[0.050,0.100]",5794
26,2,"[0.100,0.150]",3482
26,3,"[0.150,0.200]",2549
27,0,"[0.000,0.050]",15715
27,1,"[0.050,0.100]",5831
27,2,"[0.100,0.150]",3571
27,3,"[0.150,0.200]",2473
28,0,"[0.000,0.050]",15753
28,1,"[0.050,0.100]",5734
28,2,"[0.100,0.150]",3516
28,3,"[0.150,0.200]",2492
29,0,"[0.000,0.050]",15916
29,1,"[0.050,0.100]",5761
29,2,"[0.100,0.150]",3411
29,3,"[0.150,0.200]",2408
30,0,"[0.000,0.050]",15811
30,1,"[0.050,0.100]",5871
30,2,"[0.100,0.150]",3461
30,3,"[0.150,0.200]",2400
31,0,"[0.000,0.050]",15619
31,1,"[0.050,0.100]",5717
31,2,"[0.100,0.150]",3451
31,3,"[0.150,0.200]",2538
32,0,"[0.000,0.050]",15697
32,1,"[0.050,0.100]",5725
32,2,"[0.100,0.150]",3496
32,3,"[0.150,0.200]",2540
33,0,"[0.000,0.050]",15564
33,1,"[0.050,0.100]",5763
33,2,"[0.100,0.150]",3542
33,3,"[0.150,0.200]",2535
34,0,"[0.000,0.050]",15767
34,1,"[0.050,0.100]",5856
34,2,"[0.100,0.150]",3527
34,3,"[0.150,0.200]",2545
35,0,"[0.000,0.050]",15615
35,1,"[0.050,0.100]",5810
35,2,"[0.100,0.150]",3540
35,3,"[0.150,0.200]",2466
36,0,"[0.000,0.050]",15723
36,1,"[0.050,0.100]",5776
36,2,"[0.100,0.150]",3427
36,3,"[0.150,0.200]",2446
37,0,"[0.000,0.050]",15650
37,1,"[0.050,0.100]",5854
37,2,"[0.100,0.150]",3455
37,3,"[0.150,0.200]",2490
38,0,"[0.000,0.050]",15707
38,1,"[0.050,0.100]",5677
38,2,"[0.100,0.150]",3529
38,3,"[0.150,0.200]",2394
39,0,"[0.000,0.050]",15862
39,1,"[0.050,0.100]",5797
39,2,"[0.100,0.150]",3387
39,3,"[0.150,0.200]",2467
40,0,"[0.000,0.050]",15660
40,1,"[0.050,0.100]",5718
40,2,"[0.100,0.150]",3600
40,3,"[0.150,0.200]",2490
41,0,"[0.000,0.050]",15984
41,1,"[0.050,0.100]",5804
41,2,"[0.100,0.150]",3456
41,3,"[0.150,0.200]",2473
42,0,"[0.000,0.050]",15640
42,1,"[0.050,0.100]",5860
42,2,"[0.100,0.150]",3578
42,3,"[0.150,0.200]",2425
43,0,"[0.000,0.050]",15735
43,1,"[0.050,0.100]",5840
43,2,"[0.100,0.150]",3482
43,3,"[0.150,0.200]",2402
44,0,"[0.000,0.050]",15674
44,1,"[0.050,0.100]",5834
44,2,"[0.100,0.150]",3516
44,3,"[0.150,0.200]",2554
45,0,"[0.000,0.050]",15718
45,1,"[0.050,0.100]",5748
45,2,"[0.100,0.150]",3462
45,3,"[0.150,0.200]",2475
46,0,"[0.000,0.050]",15761
46,1,"[0.050,0.100]",5620
46,2,"[0.100,0.150]",3515
46,3,"[0.150,0.200]",2556
47,0,"[0.000,0.050]",15766
47,1,"[0.050,0.100]",5777
47,2,"[0.100,0.150]",3545
47,3,"[0.150,0.200]",2459
48,0,"[0.000,0.050]",15652
48,1,"[0.050,0.100]",5942
48,2,"[0.100,0.150]",3529
48,3,"[0.150,0.200]",2489
49,0,"[0.000,0.050]",15786
49,1,"[0.050,0.100]",5778
49,2,"[0.100,0.150]",3453
49,3,"[0.150,0.200]",2454
50,0,"[0.000,0.050]",15674
50,1,"[0.050,0.100]",5746
50,2,"[0.100,0.150]",3583
50,3,"[0.150,0.200]",2463
51,0,"[0.000,0.050]",15819
51,1,"[0.050,0.100]",5896
51,2,"[0.100,0.150]",3497
51,3,"[0.150,0.200]",2524
52,0,"[0.000,0.050]",15670
52,1,"[0.050,0.100]",5769
52,2,"[0.100,0.150]",3473
52,3,"[0.150,0.200]",2540
53,0,"[0.000,0.050]",15757
53,1,"[0.050,0.100]",5752
53,2,"[0.100,0.150]",3542
53,3,"[0.150,0.200]",2493
54,0,"[0.000,0.050]",15873
54,1,"[0.050,0.100]",5740
54,2,"[0.100,0.150]",3557
54,3,"[0.150,0.200]",2514
55,0,"[0.000,0.050]",15839
55,1,"[0.050,0.100]",5727
55,2,"[0.100,0.150]",3604
55,3,"[0.150,0.200]",2459
56,0,"[0.000,0.050]",15981
56,1,"[0.050,0.100]",5729
56,2,"[0.100,0.150]",3502
56,3,"[0.150,0.200]",2455
57,0,"[0.000,0.050]",15590
57,1,"[0.050,0.100]",5824
57,2,"[0.100,0.150]",3416
57,3,"[0.150,0.200]",2513
58,0,"[0.000,0.050]",15800
58,1,"[0.050,0.100]",5694
58,2,"[0.100,0.150]",3515
58,3,"[0.150,0.200]",2518
59,0,"[0.000,0.050]",15738
59,1,"[0.050,0.100]",5770
59,2,"[0.100,0.150]",3478
59,3,"[0.150,0.200]",2458
60,0,"[0.000,0.050]",15579
60,1,"[0.050,0.100]",5839
60,2,"[0.100,0.150]",3515
60,3,"[0.150,0.200]",2451
61,0,"[0.000,0.050]",15644
61,1,"[0.050,0.100]",5808
61,2,"[0.100,0.150]",3560
61,3,"[0.150,0.200]",2507
62,0,"[0.000,0.050]",15620
62,1,"[0.050,0.100]",5859
62,2,"[0.100,0.150]",3493
62,3,"[0.150,0.200]",2510
63,0,"[0.000,0.050]",15727
63,1,"[0.050,0.100]",5797
63,2,"[0.100,0.150]",3571
63,3,"[0.150,0.200]",2482
64,0,"[0.000,0.050]",15625
64,1,"[0.050,0.100]",5789
64,2,"[0.100,0.150]",3455
64,3,"[0.150,0.200]",2509
65,0,"[0.000,0.050]",15794
65,1,"[0.050,0.100]",5698
65,2,"[0.100,0.150]",3524
65,3,"[0.150,0.200]",2448
66,0,"[0.000,0.050]",15959
66,1,"[0.050,0.100]",5676
66,2,"[0.100,0.150]",3444
66,3,"[0.150,0.200]",2451
67,0,"[0.000,0.050]",15750
67,1,"[0.050,0.100]",5709
67,2,"[0.100,0.150]",3518
67,3,"[0.150,0.200]",2565
68,0,"[0.000,0.050]",15655
68,1,"[0.050,0.100]",5752
68,2,"[0.100,0.150]",3488
68,3,"[0.150,0.200]",2512
69,0,"[0.000,0.050]",15789
69,1,"[0.050,0.100]",5694
69,2,"[0.100,0.150]",3437
69,3,"[0.150,0.200]",2549
70,0,"[0.000,0.050]",15661
70,1,"[0.050,0.100]",5977
70,2,"[0.100,0.150]",3483
70,3,"[0.150,0.200]",2493
71,0,"[0.000,0.050]",15528
71,1,"[0.050,0.100]",5896
71,2,"[0.100,0.150]",3419
71,3,"[0.150,0.200]",2539
72,0,"[0.000,0.050]",15786
72,1,"[0.050,0.100]",5742
72,2,"[0.100,0.150]",3466
72,3,"[0.150,0.200]",2535
73,0,"[0.000,0.050]",15804
73,1,"[0.050,0.100]",5770
73,2,"[0.100,0.150]",3455
73,3,"[0.150,0.200]",2598
74,0,"[0.000,0.050]",15709
74,1,"[0.050,0.100]",5865
74,2,"[0.100,0.150]",3578
74,3,"[0.150,0.200]",2518
75,0,"[0.000,0.050]",15777
75,1,"[0.050,0.100]",5734
75,2,"[0.100,0.150]",3508
75,3,"[0.150,0.200]",2533
76,0,"[0.000,0.050]",15743
76,1,"[0.050,0.100]",5676
76,2,"[0.100,0.150]",3618
76,3,"[0.150,0.200]",2506
77,0,"[0.000,0.050]",15685
77,1,"[0.050,0.100]",5825
77,2,"[0.100,0.150]",3480
77,3,"[0.150,0.200]",2471
78,0,"[0.000,0.050]",15728
78,1,"[0.050,0.100]",5693
78,2,"[0.100,0.150]",3534
78,3,"[0.150,0.200]",2542
79,0,"[0.000,0.050]",15577
79,1,"[0.050,0.100]",5891
79,2,"[0.100,0.150]",3483
79,3,"[0.150,0.200]",2432
