shard_id,local_index,band_idx,band_label,target_y,teacher_pred,teacher_abs_err,fen,sf_final_target,sf_final_cp,sf_target_range,sf_target_std,sf_cp_range,sf_bestmove_changes,sf_sign_flips,sf_final_gap_to_train_target,sf_target_n2000,sf_cp_n2000,sf_bestmove_n2000,sf_target_n8000,sf_cp_n8000,sf_bestmove_n8000,sf_target_n32000,sf_cp_n32000,sf_bestmove_n32000,rank_target_range,rank_target_std,rank_bestmove_changes,rank_sign_flips,instability_score
9,8836,0,"[0.000,0.050]",-0.0,-0.054168701171875,0.054168701171875,1k2r3/1R6/K7/1P6/8/8/8/8 b - - 0 1,-0.029991003238820143,-18.0,0.011655450431491906,0.004774435642625053,7.0,0,0,0.029991003238820143,-0.036650243399912595,-22.0,b8a8,-0.02499479296842069,-15.0,b8a8,-0.029991003238820143,-18.0,b8a8,0.021052631578947368,0.021052631578947368,0.021052631578947368,0.07368421052631578,0.03421052631578947
1,755,2,"[0.100,0.150]",-0.1358221024274826,-0.07427978515625,0.061542317271232605,rn1q1rk1/pp3ppp/2pn4/2b4b/N7/3B1N1P/PPP2PP1/R1BQ1RK1 b - - 0 1,-0.12927258360605834,-78.0,0.02287026530736594,0.009367744521205056,14.0,0,0,0.006549518821424266,-0.13909244787845804,-84.0,b8d7,-0.15214284891342428,-92.0,b8d7,-0.12927258360605834,-78.0,b8d7,0.14736842105263157,0.1368421052631579,0.0,0.0,0.07105263157894737
4,45923,2,"[0.100,0.150]",-0.14235976338386536,-0.2139892578125,0.07162949442863464,r1b1k1nr/pp2ppbp/6p1/qB1Pp3/4P3/2N2N2/PP3PPP/R2QK2R b KQkq - 0 1,-0.1941697464836912,-118.0,0.024169743409103578,0.009875068473564508,15.0,0,0,0.051809983099825846,-0.17000000307458762,-103.0,e8f8,-0.18291795686556014,-111.0,e8f8,-0.1941697464836912,-118.0,e8f8,0.17894736842105263,0.15789473684210525,0.010526315789473684,0.031578947368421054,0.09473684210526315
25,39519,1,"[0.050,0.100]",-0.051620740443468094,-0.0225830078125,0.029037732630968094,r2qkb1r/pp3ppp/2n1pn2/8/3P2b1/1QN2N2/PP2BPPP/R1B2RK1 b kq - 0 1,-0.05328282290096793,-32.0,0.013285253601294636,0.005480056741146606,8.0,0,0,0.0016620824574998389,-0.061588617176587195,-37.0,d8b6,-0.06656807650226257,-40.0,d8b6,-0.05328282290096793,-32.0,d8b6,0.031578947368421054,0.031578947368421054,0.10526315789473684,0.23157894736842105,0.1
20,1132,2,"[0.100,0.150]",-0.10791151225566864,-0.06353759765625,0.04437391459941864,r1bq2k1/pppnn1bp/3p2p1/3Pp3/2P1P3/2N5/PP1B2PP/R2QNBK1 b - - 0 1,-0.11614021174790659,-70.0,0.01807494741212655,0.007469321157118931,11.0,0,0,0.00822869949223795,-0.12763341762655608,-77.0,h7h6,-0.10955847021442953,-66.0,h7h6,-0.11614021174790659,-70.0,h7h6,0.08421052631578947,0.08421052631578947,0.06315789473684211,0.17894736842105263,0.10263157894736842
14,21815,2,"[0.100,0.150]",0.1407264918088913,0.1510009765625,0.010274484753608704,3q1rk1/pp1b1pbp/3pp1p1/4n3/P2N4/1BP4P/2PQ1PP1/R3R1K1 b - - 0 1,0.1941697464836912,118.0,0.028810346094839956,0.011974238573119973,18.0,0,0,0.053443254674799906,0.21333871221642287,130.0,d8a5,0.1845283661215829,112.0,d8a5,0.1941697464836912,118.0,d8a5,0.28421052631578947,0.2631578947368421,0.05263157894736842,0.12631578947368421,0.181578947368421
20,25612,3,"[0.150,0.200]",-0.18613778054714203,-0.00913238525390625,0.17700539529323578,r4rk1/p1pq2bp/2pp1p2/5b2/7B/2N5/PPP3PP/R2Q1RK1 w - - 0 1,-0.1732351578346601,-105.0,0.030722847531122033,0.012548954442510283,19.0,0,0,0.012902622712481937,-0.1877462058682854,-114.0,d1d2,-0.15702335833716335,-95.0,d1d2,-0.1732351578346601,-105.0,d1d2,0.29473684210526313,0.28421052631578947,0.07368421052631578,0.18947368421052632,0.2105263157894737
8,15766,3,"[0.150,0.200]",0.161896213889122,0.2418212890625,0.07992507517337799,r7/2k5/1pr1pp2/3p2pp/PR1P4/1RP3PP/P4K2/8 b - - 0 1,0.14235976521654709,86.0,0.022780647708082247,0.010377810096790811,14.0,1,0,0.019536448672574924,0.1635187536836725,99.0,h5h4,0.16514041292462933,100.0,a8a6,0.14235976521654709,86.0,a8a6,0.1368421052631579,0.16842105263157894,0.4842105263157895,0.06315789473684211,0.2131578947368421
56,10383,0,"[0.000,0.050]",0.0,-0.51904296875,0.51904296875,8/8/8/7R/1n1k4/P3p1P1/1r5P/5K2 w - - 0 1,0.0,0.0,0.0,0.0,0.0,0,0,0.0,0.0,0.0,a3b4,0.0,0.0,a3b4,0.0,0.0,a3b4,0.0,0.0,0.28421052631578947,0.6105263157894737,0.2236842105263158
13,46138,1,"[0.050,0.100]",-0.08479588478803635,-0.10784912109375,0.023053236305713654,4r3/1pR3k1/4p1P1/3p4/5P2/P2B4/1b2K3/8 b - - 0 1,-0.09306326199720014,-56.0,0.0362093216088582,0.01478240388393421,22.0,0,0,0.00826737720916379,-0.12927258360605834,-78.0,g7f8,-0.11120482963833021,-67.0,g7f8,-0.09306326199720014,-56.0,g7f8,0.3894736842105263,0.3684210526315789,0.042105263157894736,0.11578947368421053,0.22894736842105262
48,13340,1,"[0.050,0.100]",-0.06656807661056519,-0.06134033203125,0.0052277445793151855,r3kb1r/pppq1p1p/2np1np1/8/2PN4/1PN3P1/PB2PPKP/R2Q1R2 b kq - 0 1,-0.0897577847471601,-54.0,0.01980068546726943,0.009334132644032092,12.0,0,0,0.02318970813659492,-0.10955847021442953,-66.0,f8g7,-0.0897577847471601,-54.0,f8g7,-0.0897577847471601,-54.0,f8g7,0.11578947368421053,0.12631578947368421,0.23157894736842105,0.5052631578947369,0.24473684210526317
22,12065,2,"[0.100,0.150]",0.11285057663917542,0.00020313262939453125,0.11264744400978088,rnbq1rk1/2b2pp1/2p2n1p/P1Pp4/8/2NB1N1P/P4PP1/R1BQ1RK1 b - - 0 1,0.14399226586303726,87.0,0.034088602254292916,0.013922512459668808,21.0,0,0,0.031141689223861846,0.17808086811733018,108.0,b8d7,0.16189621029691695,98.0,b8d7,0.14399226586303726,87.0,b8d7,0.35789473684210527,0.3263157894736842,0.08421052631578947,0.21052631578947367,0.24473684210526317
33,39371,2,"[0.100,0.150]",-0.10296710580587387,-0.125732421875,0.02276531606912613,rnbqk2r/1p4pp/p3pn2/3p1p2/3P1P2/2NB1N2/PP3PPP/R2Q1RK1 b kq - 0 1,-0.15539736153535735,-94.0,0.016304913656899317,0.007332899101111177,10.0,1,0,0.05243025572948348,-0.13909244787845804,-84.0,e8g8,-0.15377052226409266,-93.0,c8d7,-0.15539736153535735,-94.0,c8d7,0.06315789473684211,0.07368421052631578,0.5894736842105263,0.3263157894736842,0.2631578947368421
18,42732,2,"[0.100,0.150]",-0.12927258014678955,-0.230712890625,0.10144031047821045,5r2/2p3pb/2pk3p/3p4/3P2B1/4PPP1/1R2K3/8 w - - 0 1,-0.16189621029691695,-98.0,0.02584999557136844,0.011497676076015796,16.0,1,0,0.0326236301501274,-0.16514041292462933,-100.0,b2a2,-0.1877462058682854,-114.0,b2a2,-0.16189621029691695,-98.0,f3f4,0.18947368421052632,0.21052631578947367,0.5052631578947369,0.15789473684210525,0.2657894736842105
5,13047,3,"[0.150,0.200]",0.16838105022907257,0.1434326171875,0.02494843304157257,1rrq2k1/4npb1/4p1pp/p1RpP3/Pp1P2Pn/1P1QB3/4NP1P/2R3KB w - - 0 1,0.21492895629938333,131.0,0.028791171170275215,0.013213422670438365,18.0,1,0,0.04654790607031076,0.21333871221642287,130.0,f2f4,0.1861377851291081,113.0,d3a6,0.21492895629938333,131.0,d3a6,0.2736842105263158,0.29473684210526313,0.4631578947368421,0.05263157894736842,0.2710526315789474
5,11008,1,"[0.050,0.100]",-0.08479588478803635,-0.12078857421875,0.035992689430713654,r4rk1/2qb1pp1/4p2p/1PbpP3/3N1P2/p1PB2P1/R2Q3P/5RK1 w - - 0 1,-0.09801761151771787,-59.0,0.032953984505527695,0.013999965314678292,20.0,1,0,0.013221726729681527,-0.1227117692526878,-74.0,g1h1,-0.0897577847471601,-54.0,g1g2,-0.09801761151771787,-59.0,g1g2,0.3368421052631579,0.3473684210526316,0.45263157894736844,0.042105263157894736,0.29473684210526313
9,17466,1,"[0.050,0.100]",-0.06988588720560074,-0.06988525390625,6.332993507385254e-07,r2rb1k1/1p3pbp/p2pp1p1/q3n3/1NP1P3/1P2BP1P/P1NQ2P1/2RR2K1 b - - 0 1,-0.08314096643359975,-50.0,0.023177371680771136,0.009494674239055435,14.0,2,0,0.013255079227999012,-0.069885890316429,-42.0,e5d7,-0.09306326199720014,-56.0,a5c7,-0.08314096643359975,-50.0,a8c8,0.15789473684210525,0.14736842105263157,0.8105263157894737,0.08421052631578947,0.3
29,22207,0,"[0.000,0.050]",0.0,0.000125885009765625,0.000125885009765625,8/7p/1R1rk1p1/5p2/4p2P/4K1P1/5P2/8 w - - 0 1,-0.0283257539770161,-17.0,0.026659088853557594,0.010911747485893056,16.0,1,0,0.0283257539770161,-0.001666665123458505,-1.0,b6b2,-0.013332543266059059,-8.0,b6b8,-0.0283257539770161,-17.0,b6b8,0.21052631578947367,0.17894736842105263,0.5684210526315789,0.2736842105263158,0.3078947368421053
76,22702,2,"[0.100,0.150]",-0.14888502657413483,-0.041839599609375,0.10704542696475983,1r1q1r2/pp1nb1pk/3pp2p/2p5/2PpPP2/1P1P2PP/P5B1/R1BQ1RK1 b - - 0 1,-0.14888503362331795,-90.0,0.006518865773396609,0.0026613159169975404,4.0,0,0,7.049183126106584e-09,-0.14562398314002767,-88.0,e6e5,-0.15214284891342428,-92.0,e6e5,-0.14888503362331795,-90.0,e6e5,0.010526315789473684,0.010526315789473684,0.37894736842105264,0.8421052631578947,0.31052631578947365
51,31195,0,"[0.000,0.050]",-0.0,-0.1485595703125,0.1485595703125,8/P7/1R3kp1/7p/7P/rp6/6PK/8 b - - 0 1,0.01666512362823861,10.0,0.01666512362823861,0.006982533846291478,10.0,0,1,0.01666512362823861,0.0,0.0,f6f7,0.004999958333749996,3.0,f6f7,0.01666512362823861,10.0,f6f7,0.07368421052631578,0.05263157894736842,0.25263157894736843,0.968421052631579,0.3368421052631579
37,8190,1,"[0.050,0.100]",-0.06490861624479294,0.046722412109375,0.11163102835416794,4r1k1/1q3pp1/pp3n1r/2p1B2p/2P5/4Q3/P4PPP/3RR1K1 w - - 0 1,-0.09801761151771787,-59.0,0.026473389289560126,0.011247598735376934,16.0,1,0,0.033108995272924935,-0.07154422222815775,-43.0,e3h3,-0.07817350493279135,-47.0,e3d3,-0.09801761151771787,-59.0,e3d3,0.2,0.2,0.6105263157894737,0.37894736842105264,0.3473684210526316
2,34206,0,"[0.000,0.050]",0.0,-0.10357666015625,0.10357666015625,8/8/5k1p/8/6K1/6P1/8/8 w - - 0 1,0.0,0.0,0.01499887510124078,0.007070537529504946,9.0,1,1,0.0,0.01499887510124078,9.0,g4h5,0.0,0.0,g4h5,0.0,0.0,g4f4,0.042105263157894736,0.06315789473684211,0.42105263157894735,0.8842105263157894,0.3526315789473684
17,40931,2,"[0.100,0.150]",-0.12106986343860626,-0.0823974609375,0.03867240250110626,rnbqk1nr/p2p2pp/2p2p2/4p3/4P3/2PB4/P1P2PPP/R1BQK1NR b KQkq - 0 1,-0.15539736153535735,-94.0,0.02776394390880127,0.011647994475947148,17.0,2,0,0.03432749809675109,-0.12763341762655608,-77.0,d7d6,-0.13582209941846443,-82.0,d8a5,-0.15539736153535735,-94.0,d7d6,0.22105263157894736,0.24210526315789474,0.8421052631578947,0.14736842105263157,0.3631578947368421
54,10506,2,"[0.100,0.150]",0.11449570953845978,-0.0740966796875,0.18859238922595978,rnbqk2r/pp3ppp/8/4P3/1b1PpP2/7P/4N1P1/RNBQK2R w KQkq - 0 1,0.17000000307458762,103.0,0.019410355104854726,0.007960120702173114,12.0,1,0,0.05550429353612785,0.18130656540177167,110.0,b1c3,0.16189621029691695,98.0,c1d2,0.17000000307458762,103.0,c1d2,0.10526315789473684,0.09473684210526316,0.7052631578947368,0.5789473684210527,0.37105263157894736
27,30850,2,"[0.100,0.150]",-0.14562398195266724,0.0005788803100585938,0.14620286226272583,2r2rk1/1p3ppp/p1qnpb2/8/P1n2P2/2NB4/1PP3PP/R1B1QR1K w - - 0 1,-0.029991003238820143,-18.0,0.031597613937767055,0.014177396814220805,19.0,1,0,0.11563297871384709,-0.061588617176587195,-37.0,a1b1,-0.05826725814409372,-35.0,a1b1,-0.029991003238820143,-18.0,c3e4,0.3157894736842105,0.35789473684210527,0.5578947368421052,0.2631578947368421,0.37368421052631573
34,12278,3,"[0.150,0.200]",-0.15539735555648804,-0.11669921875,0.03869813680648804,r1bqk2r/ppp2pp1/2n1p2p/8/3P4/2PBPNP1/P1Q2PP1/R3K2R b KQkq - 0 1,-0.23234481526335568,-142.0,0.04210210060934108,0.01803887807931723,27.0,0,0,0.07694745970686764,-0.27444691587269676,-169.0,b7b6,-0.24178273102851391,-148.0,b7b6,-0.23234481526335568,-142.0,b7b6,0.5052631578947369,0.5052631578947369,0.14736842105263157,0.35789473684210527,0.37894736842105264
70,3977,1,"[0.050,0.100]",-0.08148559182882309,0.0885009765625,0.1699865683913231,2kr4/ppqr1ppp/2p2n2/4nP2/1b2PB2/2NB4/PPP1Q2P/1K1R3R w - - 0 1,-0.1748513390060125,-106.0,0.016166152477142343,0.006644266693864797,10.0,1,0,0.0933657471771894,-0.18130656540177167,-110.0,c3a4,-0.16514041292462933,-100.0,d3c4,-0.1748513390060125,-106.0,d3c4,0.05263157894736842,0.042105263157894736,0.7473684210526316,0.7263157894736842,0.39210526315789473
26,20206,0,"[0.000,0.050]",0.0,7.05718994140625e-05,7.05718994140625e-05,4r1k1/p2qb3/2p3p1/n4p2/6p1/3PB3/P1rNQPPP/R4RK1 w - - 0 1,-0.01833127959710064,-11.0,0.02832811395612988,0.012093337786018035,17.0,0,2,0.01833127959710064,-0.02499479296842069,-15.0,d3d4,0.0033333209877091908,2.0,d3d4,-0.01833127959710064,-11.0,d3d4,0.25263157894736843,0.2736842105263158,0.11578947368421053,1.0,0.41052631578947374
43,9059,1,"[0.050,0.100]",-0.07651680707931519,0.335693359375,0.4122101664543152,2bqr1k1/1r4p1/p1ppn1Np/1p3Q1P/5P2/1PP1R3/P2P2P1/4R1K1 w - - 0 1,-0.09141077516881174,-55.0,0.041138013222066644,0.01866259854478457,25.0,0,0,0.014893968089496556,-0.13254878839087839,-80.0,e3e6,-0.09471523628617855,-57.0,e3e6,-0.09141077516881174,-55.0,e3e6,0.49473684210526314,0.5263157894736842,0.18947368421052632,0.4421052631578947,0.4131578947368421
42,20499,2,"[0.100,0.150]",0.1358221024274826,0.182861328125,0.047039225697517395,2rq1r2/p2nk1p1/bp3p2/2p1pPP1/3pP3/1P1P1BQ1/P1P5/R1B2RK1 w - - 0 1,0.24491866240370913,150.0,0.031579950187286265,0.013911058179087235,20.0,1,0,0.10909655997622653,0.21333871221642287,130.0,c1d2,0.24021286468618025,147.0,g1f2,0.24491866240370913,150.0,g1f2,0.30526315789473685,0.3157894736842105,0.631578947368421,0.43157894736842106,0.42105263157894735
66,15075,0,"[0.000,0.050]",0.0,-0.33984375,0.33984375,8/6p1/4k3/3p4/p1p3R1/P1P2q1K/1P4R1/8 w - - 0 1,0.0,0.0,0.023329099687423707,0.01099744305863618,14.0,0,1,0.0,-0.023329099687423707,-14.0,h3h2,0.0,0.0,h3h2,0.0,0.0,h3h2,0.16842105263157894,0.18947368421052632,0.3368421052631579,0.9894736842105263,0.42105263157894735
46,22939,3,"[0.150,0.200]",-0.15214285254478455,-0.11126708984375,0.040875762701034546,4rrk1/p1p3pp/2pb1q2/4pp1b/8/2BP1N1P/PPP2PP1/R2QR1K1 w - - 0 1,-0.14235976521654709,-86.0,0.042691770591591266,0.01742886234282385,26.0,0,0,0.00978308732823746,-0.12106986526858614,-73.0,d1e2,-0.09966799462495582,-60.0,d1e2,-0.14235976521654709,-86.0,d1e2,0.5157894736842106,0.4842105263157895,0.21052631578947367,0.4842105263157895,0.4236842105263158
40,24849,2,"[0.100,0.150]",0.14725491404533386,-0.003742218017578125,0.150997132062912,3rr1k1/1pqn1pp1/4pb1p/p3N3/2PRQ3/1P4P1/PB3P1P/4R1K1 w - - 0 1,0.13582209941846443,82.0,0.045669276618126906,0.01919967759557343,28.0,0,0,0.01143281462686943,0.1227117692526878,74.0,e5d7,0.1683810458708147,102.0,e5d7,0.13582209941846443,82.0,e5d7,0.5684210526315789,0.5578947368421052,0.16842105263157894,0.4,0.4236842105263158
51,25908,1,"[0.050,0.100]",-0.05660609155893326,0.0282135009765625,0.08481959253549576,5rk1/p5pp/1p1b4/5r2/3Pp3/8/PB3PPP/1R1R2K1 w - - 0 1,-0.10131782952251743,-61.0,0.03778965363516548,0.017438356113406547,23.0,0,0,0.04471173796358417,-0.09966799462495582,-60.0,d1d2,-0.1374576482601213,-83.0,d1d2,-0.10131782952251743,-61.0,d1d2,0.42105263157894735,0.49473684210526314,0.2631578947368421,0.5263157894736842,0.4263157894736842
44,18387,1,"[0.050,0.100]",-0.06656807661056519,-0.05108642578125,0.015481650829315186,1k1r1b1r/pp4pp/1qn1pp1n/3pP2P/1P1P1PP1/4B2B/P4K2/1R1Q2NR b - - 0 1,-0.10791150943921407,-65.0,0.03281498027301685,0.013487463848202444,20.0,1,0,0.041343432828648885,-0.12763341762655608,-77.0,g7g5,-0.14072648971223092,-85.0,f6e5,-0.10791150943921407,-65.0,f6e5,0.3263157894736842,0.30526315789473685,0.6421052631578947,0.45263157894736844,0.43157894736842106
34,39786,1,"[0.050,0.100]",0.07320215553045273,0.1378173828125,0.06461522728204727,2rr2k1/1bq2ppp/p2bp3/1p6/4B3/P3P2P/1P1NQPP1/R2R2K1 b - - 0 1,0.08479588154870199,51.0,0.05106319577299094,0.023330352398238295,31.0,0,0,0.011593726018249262,0.13254878839087839,80.0,d6h2,0.08148559261788745,49.0,d6h2,0.08479588154870199,51.0,d6h2,0.6105263157894737,0.6421052631578947,0.1368421052631579,0.3473684210526316,0.43421052631578944
57,36557,1,"[0.050,0.100]",-0.07320215553045273,-0.0758056640625,0.0026035085320472717,r2r2k1/pp1nbppb/q4n1p/3p4/3P4/1QN1BNP1/PP3PBP/R2R2K1 b - - 0 1,-0.07982976911113136,-48.0,0.01824115193454417,0.008598961486380195,11.0,2,0,0.006627613580678635,-0.07982976911113136,-48.0,d7b6,-0.061588617176587195,-37.0,a6b6,-0.07982976911113136,-48.0,h7f5,0.09473684210526316,0.10526315789473684,0.9368421052631579,0.6210526315789474,0.43947368421052635
55,9337,0,"[0.000,0.050]",-0.014998875558376312,0.05474853515625,0.06974741071462631,4r1k1/p1p4p/1npp2p1/5pB1/1Pb5/P2B1P2/2PK2PP/2R5 w - - 0 1,0.011666137374496012,7.0,0.02831254293666756,0.011565129712401817,17.0,1,0,0.026665012932872323,0.03997868031116357,24.0,g5e3,0.02499479296842069,15.0,a3a4,0.011666137374496012,7.0,a3a4,0.24210526315789474,0.22105263157894736,0.7157894736842105,0.5894736842105263,0.4421052631578948
39,444,0,"[0.000,0.050]",-0.01833127997815609,-0.036834716796875,0.01850343681871891,r3k2r/pp1q1ppp/2n1pn2/8/1b1P2b1/1QN1BN2/PP2BPPP/R4RK1 b kq - 0 1,-0.0466328196077002,-28.0,0.028301540010599563,0.011876691903663791,17.0,2,0,0.028301539629544112,-0.01833127959710064,-11.0,e8g8,-0.038314568128458674,-23.0,b4c3,-0.0466328196077002,-28.0,e8g8,0.23157894736842105,0.25263157894736843,0.9052631578947369,0.3894736842105263,0.4447368421052632
11,22166,1,"[0.050,0.100]",-0.06158861890435219,-0.0733642578125,0.011775638908147812,2kr4/1p3ppp/p3pn2/3r4/P2N4/2P2P2/1P4PP/R4RK1 w - - 0 1,-0.05494460868918742,-33.0,0.03985108879996779,0.016436272556570805,24.0,2,0,0.006644010215164767,-0.07982976911113136,-48.0,a1e1,-0.03997868031116357,-24.0,f1f2,-0.05494460868918742,-33.0,f1e1,0.4631578947368421,0.43157894736842106,0.8210526315789474,0.10526315789473684,0.4552631578947368
3,29178,3,"[0.150,0.200]",-0.17969420552253723,-0.11578369140625,0.06391051411628723,1r1r2k1/1b2q1pp/ppn1pn2/2p1N3/P1P2P2/4P3/1B1PQRBP/R5K1 b - - 0 1,-0.21333871221642287,-130.0,0.06753440460614935,0.03013402957410027,43.0,1,0,0.033644506693885634,-0.27290508056313273,-168.0,c6b4,-0.20537067595698338,-125.0,c6e5,-0.21333871221642287,-130.0,c6e5,0.7263157894736842,0.7052631578947368,0.43157894736842106,0.010526315789473684,0.46842105263157896
61,39556,2,"[0.100,0.150]",0.10955847054719925,0.21142578125,0.10186731070280075,r2r2k1/pp3ppp/2n2q2/4p3/2P5/5B2/P1P2PPP/R1Q2RK1 b - - 0 1,0.15539736153535735,94.0,0.040623219857208875,0.016622009421310497,25.0,0,0,0.045838890988158104,0.1374576482601213,83.0,c6d4,0.17808086811733018,108.0,c6d4,0.15539736153535735,94.0,c6d4,0.47368421052631576,0.4421052631578947,0.30526315789473685,0.6631578947368421,0.4710526315789474
19,44728,3,"[0.150,0.200]",-0.15377052128314972,-0.05694580078125,0.09682472050189972,2rqr1k1/pp2b1p1/2n1p2p/3b1p2/3P4/P1RQPN2/1P1BBPPP/5RK1 b - - 0 1,-0.18291795686556014,-111.0,0.03881717165407228,0.016728401907047295,24.0,2,0,0.029147435582410425,-0.15214284891342428,-92.0,a7a6,-0.19096002056749656,-116.0,e7d6,-0.18291795686556014,-111.0,a7a6,0.43157894736842106,0.45263157894736844,0.8526315789473684,0.16842105263157894,0.47631578947368425
52,31310,3,"[0.150,0.200]",0.15539735555648804,0.23291015625,0.07751280069351196,r6k/pp2r1b1/6Rp/2p5/3p1p2/P2B1P1P/1PPK4/3R4 w - - 0 1,0.15214284891342428,92.0,0.045508389860771936,0.01871584513470513,28.0,0,0,0.0032545066430637593,0.13418580993090867,81.0,d1g1,0.1796941997916806,109.0,d1g1,0.15214284891342428,92.0,d1g1,0.5578947368421052,0.5473684210526316,0.2736842105263158,0.5473684210526316,0.481578947368421
26,37091,3,"[0.150,0.200]",0.161896213889122,0.53369140625,0.371795192360878,8/2R2pk1/4p1p1/4P3/3PpK2/7P/r7/8 b - - 0 1,0.0897577847471601,54.0,0.04933466313129793,0.020278360478800737,30.0,1,0,0.0721384291419619,0.13909244787845804,84.0,e4e3,0.11942729853438588,72.0,a2a3,0.0897577847471601,54.0,a2a3,0.5894736842105263,0.5894736842105263,0.5368421052631579,0.25263157894736843,0.4921052631578947
10,40885,3,"[0.150,0.200]",0.19416974484920502,0.317626953125,0.12345720827579498,4k2r/3rbpp1/p3q1p1/Bppn2P1/6nP/P3PNR1/1PQ1KP2/1B5R b k - 0 1,0.21492895629938333,131.0,0.11552104448177727,0.04716854501465515,75.0,0,0,0.02075921145017831,0.3304500007811606,206.0,d5f4,0.27444691587269676,169.0,d5f4,0.21492895629938333,131.0,d5f4,0.9473684210526315,0.9263157894736842,0.031578947368421054,0.09473684210526316,0.5
46,7047,0,"[0.000,0.050]",-0.016665123403072357,-0.063720703125,0.04705557972192764,6k1/8/7p/3p2p1/4p3/2RbPP2/2p3PP/6K1 b - - 0 1,-0.05494460868918742,-33.0,0.06119560305871917,0.027416380247287212,37.0,0,0,0.038279485286115064,-0.11614021174790659,-70.0,h6h5,-0.061588617176587195,-37.0,h6h5,-0.05494460868918742,-33.0,h6h5,0.6631578947368421,0.6736842105263158,0.2,0.47368421052631576,0.5026315789473684
31,11601,3,"[0.150,0.200]",0.18291795253753662,-0.11065673828125,0.2935746908187866,2rq1rk1/pb3ppp/4pn2/2n5/2p5/P3PPN1/1B2B1PP/QR3RK1 w - - 0 1,0.1796941997916806,109.0,0.07877344372595971,0.03232545735557054,49.0,0,0,0.0032237527458560122,0.14725490855271123,89.0,e2c4,0.22602835227867094,138.0,e2c4,0.1796941997916806,109.0,e2c4,0.8,0.7894736842105263,0.12631578947368421,0.30526315789473685,0.5052631578947369
73,32061,0,"[0.000,0.050]",0.014998875558376312,0.04400634765625,0.029007472097873688,3r1rk1/ppq1ppbp/2n2np1/2p3B1/2N1P3/2P2N2/PP2QPPP/R4RK1 b - - 0 1,0.02166327687109476,13.0,0.019979293874391187,0.009051670921678242,12.0,2,0,0.006664401312718449,0.03997868031116357,24.0,a7a6,0.04164257074548595,25.0,h7h6,0.02166327687109476,13.0,b7b5,0.12631578947368421,0.11578947368421053,1.0,0.7789473684210526,0.5052631578947369
54,23047,0,"[0.000,0.050]",0.0,0.0733642578125,0.0733642578125,r1br2k1/p1p2pp1/5q1p/2p5/4R3/5N2/PPP2PPP/R1Q3K1 w - - 0 1,-0.03332099313882286,-20.0,0.03664790300500017,0.016227552248996826,22.0,1,0,0.03332099313882286,-0.001666665123458505,-1.0,e4e5,-0.038314568128458674,-23.0,e4e3,-0.03332099313882286,-20.0,e4e3,0.4,0.4,0.6947368421052632,0.5684210526315789,0.5157894736842106
4,2861,1,"[0.050,0.100]",-0.0582672581076622,-0.303466796875,0.2451995387673378,3r3r/1p2k1pp/p3pp2/1b6/1b6/1P2P3/PB1N1PPP/R2RK3 w - - 0 1,-0.096366689100842,-58.0,0.07938335218799597,0.03287451896166109,48.0,1,0,0.038099430993179806,-0.044969649583600245,-27.0,a2a3,-0.12435300177159621,-75.0,a1c1,-0.096366689100842,-58.0,a1c1,0.8105263157894737,0.8,0.4421052631578947,0.021052631578947368,0.518421052631579
42,29238,1,"[0.050,0.100]",-0.06158861890435219,-0.10162353515625,0.04003491625189781,r2r4/p2nk1bp/1p2p1p1/2p1Pp2/2P2Pn1/1PN3P1/P3N1KP/2BR1R2 b - - 0 1,-0.1309110434076264,-79.0,0.0680654869073623,0.03099374689790356,42.0,0,0,0.06932242450327422,-0.19897653031498871,-121.0,g4h6,-0.13582209941846443,-82.0,g4h6,-0.1309110434076264,-79.0,g4h6,0.7368421052631579,0.7578947368421053,0.17894736842105263,0.42105263157894735,0.5236842105263158
67,26011,3,"[0.150,0.200]",0.15214285254478455,0.1043701171875,0.047772735357284546,2r3k1/1br2pp1/p2p3p/4p1b1/qPP1P3/3B1PB1/3R2PP/1R4QK w - - 0 1,0.15214284891342428,92.0,0.033994936215683835,0.013927438090179803,21.0,1,0,3.6313602680415613e-09,0.1861377851291081,113.0,d2c2,0.17161804312996978,104.0,d2b2,0.15214284891342428,92.0,d2b2,0.3473684210526316,0.3368421052631579,0.7368421052631579,0.6947368421052632,0.5289473684210526
16,14633,2,"[0.100,0.150]",0.11942730098962784,0.51416015625,0.39473285526037216,r1b1nrk1/p4ppp/8/1P1PN3/1bp5/2N3P1/1P1BQ2P/R3KB1q b Q - 0 1,0.2759873413219676,170.0,0.07134274669760898,0.03087869793446516,47.0,1,0,0.15656004033233978,0.33341606533224616,208.0,e8d6,0.2620733186346372,161.0,e8d6,0.2759873413219676,170.0,e8f6,0.7684210526315789,0.7473684210526316,0.49473684210526314,0.1368421052631579,0.5368421052631578
62,22718,1,"[0.050,0.100]",-0.06656807661056519,-0.126220703125,0.059652626514434814,8/1p1k3p/6n1/5N2/4KP1p/8/1P4P1/8 b - - 0 1,-0.1227117692526878,-74.0,0.04575599854901036,0.02019960723271716,28.0,0,0,0.056143692642122614,-0.16189621029691695,-98.0,d7e6,-0.11614021174790659,-70.0,d7e6,-0.1227117692526878,-74.0,d7e6,0.5789473684210527,0.5789473684210527,0.3157894736842105,0.6736842105263158,0.5368421052631579
33,10258,3,"[0.150,0.200]",-0.1635187566280365,0.1304931640625,0.2940119206905365,8/p4kp1/p1b1pp1p/2P1n3/3Q1N2/P6P/6P1/1q3RK1 b - - 0 1,-0.17808086811733018,-108.0,0.03898842023887214,0.017340184327664022,24.0,2,0,0.014562111489293678,-0.14399226586303726,-87.0,b1b3,-0.13909244787845804,-84.0,b1a2,-0.17808086811733018,-108.0,b1b3,0.4421052631578947,0.47368421052631576,0.8947368421052632,0.3368421052631579,0.5368421052631579
65,47317,0,"[0.000,0.050]",0.011666137725114822,0.251953125,0.24028698727488518,r2r2k1/pp3pp1/5n1p/2q1p3/2P3b1/P1N1P1Q1/1P1R1PPP/2K2B1R w - - 0 1,-0.01999733375993093,-12.0,0.028330474197387913,0.011572518024111352,17.0,1,1,0.03166347148504575,0.008333140437456983,5.0,c3d5,-0.004999958333749996,-3.0,f1d3,-0.01999733375993093,-12.0,f1d3,0.2631578947368421,0.23157894736842105,0.7263157894736842,0.9789473684210527,0.55
78,35485,3,"[0.150,0.200]",-0.18774621188640594,-0.01052093505859375,0.1772252768278122,Q7/p4pkp/bp1qpbp1/8/1nP5/5N2/PPB2PPP/3R2K1 b - - 0 1,-0.10955847021442953,-66.0,0.04107483636074016,0.01729672235546499,25.0,0,0,0.07818774167197641,-0.09801761151771787,-59.0,d6c7,-0.13909244787845804,-84.0,d6c7,-0.10955847021442953,-66.0,d6c7,0.4842105263157895,0.4631578947368421,0.4,0.8631578947368421,0.5526315789473685
30,37275,1,"[0.050,0.100]",-0.08975778520107269,0.0850830078125,0.1748407930135727,3rr1k1/2pbnppp/p2q1b2/1p1P4/2PNBP2/P5P1/1B4KP/1R1QR3 w - - 0 1,-0.08645032896371543,-52.0,0.044523232660464845,0.019615081117686506,27.0,2,0,0.003307456237357259,-0.07982976911113136,-48.0,d1c2,-0.12435300177159621,-75.0,d1c1,-0.08645032896371543,-52.0,d1c2,0.5263157894736842,0.5684210526315789,0.8842105263157894,0.29473684210526313,0.5684210526315789
71,28633,3,"[0.150,0.200]",0.18613778054714203,-0.02093505859375,0.20707283914089203,r3r1k1/pp1bbpp1/5n1p/q7/4pB1P/1NN1P3/PPQ2PP1/1K1R3R b - - 0 1,0.1861377851291081,113.0,0.03514068276933585,0.015290212629862972,22.0,1,0,4.581966084327149e-09,0.22127846789844396,135.0,a5a6,0.21492895629938333,131.0,a5a6,0.1861377851291081,113.0,a5h5,0.37894736842105264,0.37894736842105264,0.7684210526315789,0.7473684210526316,0.5684210526315789
41,783,0,"[0.000,0.050]",0.028325753286480904,0.08355712890625,0.055231375619769096,r7/1bp3kp/pn4p1/1p2r3/8/2N5/PP2BPPP/2R2RK1 b - - 0 1,0.05494460868918742,33.0,0.05296690075002665,0.021844210493753943,32.0,1,0,0.026618855402706518,0.10791150943921407,65.0,c7c5,0.07485969068749909,45.0,a8d8,0.05494460868918742,33.0,a8d8,0.6210526315789474,0.6210526315789474,0.6210526315789474,0.4105263157894737,0.5684210526315789
35,12156,2,"[0.100,0.150]",0.11942730098962784,0.08087158203125,0.03855571895837784,r3r1k1/2pq1pbp/1p1p1np1/p1nP4/4P3/2N2NP1/PPQ2PKP/2BRR3 w - - 0 1,0.17646657848119193,107.0,0.09450175185873538,0.04101761917357797,58.0,0,0,0.057039277491564094,0.09966799462495582,60.0,f3d4,0.1941697464836912,118.0,f3d4,0.17646657848119193,107.0,f3d4,0.8842105263157894,0.8736842105263158,0.15789473684210525,0.3684210526315789,0.5710526315789474
55,43043,2,"[0.100,0.150]",-0.10955847054719925,0.033294677734375,0.14285314828157425,r4rk1/1q1n2bp/p2p2p1/2pP1p2/N1P2P2/3Q3P/1P4P1/R1B2RK1 w - - 0 1,-0.09801761151771787,-59.0,0.03963601850961207,0.016257753581341558,24.0,2,0,0.011540859029481376,-0.07485969068749909,-45.0,f1e1,-0.11449570919711116,-69.0,c1d2,-0.09801761151771787,-59.0,f1e1,0.45263157894736844,0.4105263157894737,0.9263157894736842,0.6,0.5973684210526315
49,45969,0,"[0.000,0.050]",-0.006666568107903004,-0.04248046875,0.035813900642096996,r1bq1rk1/pp3p2/2n1p2p/3p2p1/2P1n3/P1Q1PNB1/1P3PPP/R3KB1R w KQ - 0 1,0.01999733375993093,12.0,0.049986116767061474,0.021135193268402103,30.0,0,1,0.026663901867833933,-0.01666512362823861,-10.0,c3c2,0.03332099313882286,20.0,c3c2,0.01999733375993093,12.0,c3c2,0.6,0.6,0.24210526315789474,0.9578947368421052,0.6
25,10915,2,"[0.100,0.150]",0.1407264918088913,0.126953125,0.013773366808891296,r1bqr1k1/1p2b2p/5p2/2n1p1p1/1RPp3N/3P2P1/2QN1PBP/2B1R1K1 w - - 0 1,0.1796941997916806,109.0,0.0802019663499314,0.033272477199896205,50.0,1,0,0.03896770798278931,0.15214284891342428,92.0,g2d5,0.23234481526335568,142.0,h4f3,0.1796941997916806,109.0,h4f3,0.8210526315789474,0.8210526315789474,0.5263157894736842,0.24210526315789474,0.6026315789473684
47,36509,2,"[0.100,0.150]",0.12106986343860626,0.09906005859375,0.022009804844856262,6k1/1ppb2pp/1p1p4/r2Pn3/8/2N1B3/PP3PPP/R5K1 b - - 0 1,0.12927258360605834,78.0,0.08406612861036453,0.03446814662680689,52.0,0,0,0.008202720167452077,0.21333871221642287,130.0,b6b5,0.17808086811733018,108.0,b6b5,0.12927258360605834,78.0,b6b5,0.8526315789473684,0.8526315789473684,0.22105263157894736,0.49473684210526314,0.6052631578947368
58,14849,3,"[0.150,0.200]",-0.1716180443763733,-0.1649169921875,0.006701052188873291,3r1rk1/p4pp1/1p2bnqp/8/2PB4/PN3P2/4Q1PP/R4RK1 w - - 0 1,-0.26362483547220333,-162.0,0.037472391691675405,0.01640110181915837,24.0,2,0,0.09200679109583004,-0.23234481526335568,-142.0,f1d1,-0.2698172069550311,-166.0,f1e1,-0.26362483547220333,-162.0,a1c1,0.4105263157894737,0.42105263157894735,0.9578947368421052,0.6421052631578947,0.6078947368421053
24,12143,1,"[0.050,0.100]",0.07485969364643097,0.0019197463989257812,0.07293994724750519,r2qrbk1/5ppp/p2p1n2/1pp5/1n1PPB2/1PN2N1P/1P1Q1PP1/R3R1K1 w - - 0 1,0.07817350493279135,47.0,0.06598071188861582,0.02876110753842566,40.0,2,0,0.0033138112863603797,0.13254878839087839,80.0,f4g5,0.06656807650226257,40.0,a1d1,0.07817350493279135,47.0,f4g5,0.6947368421052632,0.6947368421052632,0.8631578947368421,0.22105263157894736,0.6184210526315789
51,45950,3,"[0.150,0.200]",0.15539735555648804,0.2015380859375,0.04614073038101196,r1r3k1/1p1nbp2/p3p2p/2Pp1bpn/1P1P4/2N1PNB1/4BPPP/R4RK1 w - - 0 1,0.1128505788988202,68.0,0.05590943625283165,0.022836691567834827,34.0,1,0,0.04254677665766783,0.08645032896371543,52.0,f1c1,0.14235976521654709,86.0,f3e1,0.1128505788988202,68.0,f3e1,0.6421052631578947,0.631578947368421,0.6736842105263158,0.5368421052631579,0.6210526315789473
24,40994,2,"[0.100,0.150]",-0.10296710580587387,-0.11322021484375,0.01025310903787613,r4rk1/p3ppbp/2p2np1/4N2q/6b1/1PB3P1/P1Q1PPBP/R3R1K1 b - - 0 1,-0.05826725814409372,-35.0,0.06993339551858974,0.03185396760351647,42.0,0,1,0.04469984766178015,0.011666137374496012,7.0,f6d5,0.0066665679029903665,4.0,f6d5,-0.05826725814409372,-35.0,f6d5,0.7578947368421053,0.7684210526315789,0.09473684210526316,0.9157894736842105,0.6342105263157894
53,43027,2,"[0.100,0.150]",-0.1161402091383934,-0.3486328125,0.2324926033616066,5rk1/5pp1/p5r1/b1N4p/3PP2q/5R1P/P1Q3P1/5RK1 b - - 0 1,-0.15702335833716335,-95.0,0.05949470315586547,0.025822787156836547,37.0,1,0,0.04088314919876995,-0.21651806149302882,-132.0,h4e7,-0.20537067595698338,-125.0,a5b6,-0.15702335833716335,-95.0,a5b6,0.6526315789473685,0.6526315789473685,0.6842105263157895,0.5578947368421052,0.6368421052631579
32,42161,3,"[0.150,0.200]",0.17969420552253723,0.255615234375,0.07592102885246277,r1r2b2/pp3p1p/2p1kpb1/3p1N2/n2P3N/3BP3/PP2KPPP/1R5R w - - 0 1,0.2682711820216014,165.0,0.08213339689249327,0.03371727608804732,52.0,1,0,0.08857697649906415,0.1861377851291081,113.0,h1c1,0.21969282485278455,134.0,g2g4,0.2682711820216014,165.0,g2g4,0.8315789473684211,0.8315789473684211,0.5789473684210527,0.3157894736842105,0.6394736842105264
74,46313,1,"[0.050,0.100]",-0.09636668860912323,-0.286376953125,0.19001026451587677,6k1/5pp1/r1p3bp/3p4/PK1N4/2P4P/1R3PP1/8 b - - 0 1,-0.1374576482601213,-83.0,0.06639086881646267,0.03055498576866095,41.0,0,0,0.04109095965099807,-0.20057667874737134,-122.0,c6c5,-0.13418580993090867,-81.0,c6c5,-0.1374576482601213,-83.0,c6c5,0.7052631578947368,0.7263157894736842,0.35789473684210527,0.8,0.6473684210526316
50,8249,2,"[0.100,0.150]",-0.12106986343860626,-0.1845703125,0.06350044906139374,5rk1/2pbq1p1/2n1p2p/2P2p2/3Pp3/4P2P/3NBPP1/QR4K1 b - - 0 1,-0.08479588154870199,-51.0,0.06734696736472229,0.030328145284173044,41.0,1,0,0.03627398188990427,-0.14562398314002767,-88.0,e7d8,-0.15214284891342428,-92.0,e7d8,-0.08479588154870199,-51.0,f8c8,0.7157894736842105,0.7157894736842105,0.6631578947368421,0.5157894736842106,0.6526315789473685
34,25965,0,"[0.000,0.050]",-0.006666568107903004,0.059478759765625,0.066145327873528,r3k2r/pp2bppp/1qn1pn2/3p4/3P1B2/2NQPN1P/PP3PP1/R3K2R w KQkq - 0 1,-0.01999733375993093,-12.0,0.04499212672835162,0.018705214113654504,27.0,1,1,0.013330765652027926,0.02499479296842069,15.0,a1b1,0.00999966667999946,6.0,a2a3,-0.01999733375993093,-12.0,a2a3,0.5473684210526316,0.5368421052631579,0.6,0.9368421052631579,0.6552631578947368
47,3904,0,"[0.000,0.050]",-0.004999958444386721,-0.11212158203125,0.10712162358686328,rnbr2k1/pp3ppp/3b1p2/2q5/8/1BN1PN2/PP2QPPP/R3K2R b KQ - 0 1,-0.03332099313882286,-20.0,0.03498765826228137,0.016115258094444047,21.0,2,1,0.028321034694436142,0.001666665123458505,1.0,d6c7,-0.03165608603411248,-19.0,c8e6,-0.03332099313882286,-20.0,b8c6,0.3684210526315789,0.3894736842105263,0.9157894736842105,0.9473684210526315,0.6552631578947368
21,13551,3,"[0.150,0.200]",-0.18774621188640594,0.2115478515625,0.39929406344890594,2kr1b1r/ppp1p1pp/b3q3/4Nn2/3P4/1PN5/P1PQ1PPP/2KRR3 w - - 0 1,-0.2651749895152386,-163.0,0.13315858999096936,0.061802034149890044,90.0,1,0,0.07742877762883266,-0.39411856793081457,-250.0,c3e4,-0.39833357950620796,-253.0,c3e4,-0.2651749895152386,-163.0,d4d5,0.968421052631579,0.9789473684210527,0.5157894736842106,0.2,0.6657894736842106
73,37911,3,"[0.150,0.200]",0.16514042019844055,0.1878662109375,0.022725790739059448,6k1/2r2p2/p2qp1p1/6Q1/1p1b4/1P3BP1/P4PK1/2R5 b - - 0 1,0.19256539859357566,117.0,0.07642518684566907,0.03206050422608516,47.0,0,0,0.027424978395135108,0.11614021174790659,70.0,c7c3,0.17000000307458762,103.0,c7c3,0.19256539859357566,117.0,c7c3,0.7894736842105263,0.7789473684210526,0.3473684210526316,0.7894736842105263,0.6763157894736842
8,9254,0,"[0.000,0.050]",0.0,-0.043243408203125,0.043243408203125,2q3k1/5pp1/4p3/2P1B2p/1Q1P3P/5P2/6PK/2r5 w - - 0 1,0.0,0.0,0.0649086127746375,0.030598213500238627,39.0,1,1,0.0,0.0649086127746375,39.0,b4d2,0.0,0.0,b4d2,0.0,0.0,b4b2,0.6842105263157895,0.7368421052631579,0.47368421052631576,0.8947368421052632,0.6973684210526315
17,39428,0,"[0.000,0.050]",-0.0016666650772094727,-0.03558349609375,0.03391683101654053,r2q1rk1/pbpn1ppp/1p1pp3/8/2PP4/2Q1P3/PP1NBPPP/R4RK1 b - - 0 1,-0.001666665123458505,-1.0,0.0449728953572589,0.01836420073967592,27.0,2,1,4.624903238159561e-11,0.0433062302338004,26.0,c7c5,0.01999733375993093,12.0,d8f6,-0.001666665123458505,-1.0,a8c8,0.5368421052631579,0.5157894736842106,0.8315789473684211,0.9052631578947369,0.6973684210526316
75,15558,3,"[0.150,0.200]",-0.15539735555648804,-0.094482421875,0.06091493368148804,r4rk1/ppp1qpbp/3p1np1/8/2bBP1PP/2N2P2/PP1Q4/R3K1NR w KQ - 0 1,-0.1635187536836725,-99.0,0.07551400238738609,0.032962822477359835,47.0,0,0,0.00812139812718446,-0.22602835227867094,-138.0,g4g5,-0.15051434989128484,-91.0,g4g5,-0.1635187536836725,-99.0,g4g5,0.7789473684210526,0.8105263157894737,0.3684210526315789,0.8315789473684211,0.6973684210526316
30,46345,0,"[0.000,0.050]",0.004999958444386721,0.1285400390625,0.12354008061811328,3r1rk1/2p1qpp1/1p3n1p/pP2p3/P1P1Pn2/4Q3/1B2BPPP/3R1RK1 b - - 0 1,0.069885890316429,42.0,0.08268732389100067,0.03446695970281077,50.0,2,0,0.06488593187204228,0.12599355412480107,76.0,f8e8,0.0433062302338004,26.0,f4g6,0.069885890316429,42.0,e7c5,0.8421052631578947,0.8421052631578947,0.8736842105263158,0.28421052631578947,0.7105263157894737
63,43039,2,"[0.100,0.150]",0.11778407543897629,0.0307159423828125,0.08706813305616379,r1bqk2r/p1p2p2/2pp1n2/2b5/4PBpp/2NB3P/PPP2PP1/R2QK2R b KQkq - 0 1,0.14725490855271123,89.0,0.10425888478129736,0.047341623154658716,65.0,0,0,0.02947083311373494,0.2433513326597554,149.0,f6h5,0.13909244787845804,84.0,f6h5,0.14725490855271123,89.0,f6h5,0.9157894736842105,0.9368421052631579,0.3263157894736842,0.6842105263157895,0.7157894736842105
60,20490,1,"[0.050,0.100]",-0.0996679961681366,-0.138671875,0.0390038788318634,8/3b2pp/R4k2/3p1p2/3P1K2/5N2/1r3PPP/8 b - - 0 1,-0.1374576482601213,-83.0,0.13710539863585405,0.061150846455765864,83.0,0,0,0.037789652091984705,-0.01666512362823861,-10.0,f6e7,-0.15377052226409266,-93.0,f6e7,-0.1374576482601213,-83.0,f6e7,0.9789473684210527,0.968421052631579,0.29473684210526313,0.6526315789473685,0.7236842105263157
69,26568,0,"[0.000,0.050]",0.023329099640250206,0.0791015625,0.055772462859749794,r1b5/p1k1n1pp/2p1np2/4p3/2B1P3/2N2N2/P1P2PPP/3R2K1 b - - 0 1,0.05494460868918742,33.0,0.053178711964370656,0.021767836846017418,32.0,2,0,0.031615509048937215,0.07817350493279135,47.0,a8b8,0.02499479296842069,15.0,c8d7,0.05494460868918742,33.0,a8b8,0.631578947368421,0.6105263157894737,0.968421052631579,0.7052631578947368,0.7289473684210526
44,694,3,"[0.150,0.200]",-0.19577305018901825,-0.003826141357421875,0.19194690883159637,r3r1k1/pp3p1p/3b1n2/1Qp4q/6p1/2NP2P1/PPP2P1P/R1B2RK1 b - - 0 1,-0.14399226586303726,-87.0,0.10874371759325879,0.04439537545407802,68.0,1,0,0.05178078432598099,-0.25273598345629605,-155.0,b7b6,-0.19897653031498871,-121.0,b7b6,-0.14399226586303726,-87.0,a8b8,0.9263157894736842,0.9052631578947369,0.6526315789473685,0.4631578947368421,0.7368421052631579
77,638,1,"[0.050,0.100]",-0.08645033091306686,-0.55908203125,0.47263170033693314,r3k2r/1p1bn1pp/pB1R4/4pp2/2B1P3/8/PPP2PPP/5RK1 b - - 0 1,-0.15051434989128484,-91.0,0.0864697905041523,0.03548302513071899,53.0,0,0,0.06406401897821798,-0.1861377851291081,-113.0,e7c8,-0.09966799462495582,-60.0,e7c8,-0.15051434989128484,-91.0,e7c8,0.8631578947368421,0.8631578947368421,0.3894736842105263,0.8526315789473684,0.7421052631578947
69,27267,3,"[0.150,0.200]",0.16027279198169708,0.300537109375,0.14026431739330292,5nk1/5q2/4p1pp/1Q6/4B3/4P1P1/5PKP/8 w - - 0 1,0.20696649972945258,126.0,0.061304682292148804,0.026415652361825158,39.0,2,0,0.0466937077477555,0.2682711820216014,165.0,b5b2,0.21969282485278455,134.0,h2h3,0.20696649972945258,126.0,b5c5,0.6736842105263158,0.6631578947368421,0.9789473684210527,0.7157894736842105,0.7578947368421053
72,11356,3,"[0.150,0.200]",0.161896213889122,0.325927734375,0.164031520485878,3b4/7p/3p1n2/1p1Pp1k1/1P3p1N/3R1PP1/7P/2r1BK2 b - - 0 1,0.14235976521654709,86.0,0.06938757164697407,0.028354695280901662,43.0,2,0,0.019536448672574924,0.1796941997916806,109.0,f6h5,0.21174733686352115,129.0,c1a1,0.14235976521654709,86.0,f6h5,0.7473684210526316,0.6842105263157895,0.9894736842105263,0.7684210526315789,0.7973684210526315
79,1722,1,"[0.050,0.100]",-0.0980176106095314,-0.08538818359375,0.012629427015781403,r2qkbnr/1p3pp1/p3p2p/3pPb2/3P4/1Q2B3/PP2BPPP/RN3RK1 b kq - 0 1,-0.13582209941846443,-82.0,0.1614999300498827,0.0659360356285724,99.0,0,0,0.03780448880893303,-0.2181060202015403,-133.0,a8b8,-0.0566060901516576,-34.0,a8b8,-0.13582209941846443,-82.0,a8b8,0.9894736842105263,0.9894736842105263,0.4105263157894737,0.8736842105263158,0.8157894736842105
72,45905,0,"[0.000,0.050]",-0.011666137725114822,-0.346435546875,0.3347694091498852,2r5/6P1/3R1Pk1/4K2p/1p5P/1Pp5/8/8 b - - 0 1,-0.15214284891342428,-92.0,0.09042133225078286,0.04117736932666426,55.0,1,0,0.14047671118830946,-0.06822717204671605,-41.0,g6f7,-0.1586485042974989,-96.0,g6f7,-0.15214284891342428,-92.0,g6h7,0.8736842105263158,0.8842105263157894,0.7789473684210526,0.7578947368421053,0.8236842105263159
71,18684,1,"[0.050,0.100]",-0.09306326508522034,0.020477294921875,0.11354056000709534,r4rk1/1pBb1ppp/p7/3Pp3/3b4/P2B4/1P1R1PPP/5RK1 b - - 0 1,-0.1227117692526878,-74.0,0.11257976381052577,0.05124745840531644,68.0,1,0,0.029648504167467463,-0.01833127959710064,-11.0,f8e8,-0.1309110434076264,-79.0,f7f5,-0.1227117692526878,-74.0,f7f5,0.9368421052631579,0.9473684210526315,0.7578947368421053,0.7368421052631579,0.8447368421052632
58,26137,0,"[0.000,0.050]",-0.0,0.09747314453125,0.09747314453125,4K3/8/2k5/2P5/6Bb/8/7p/8 b - - 0 1,0.0283257539770161,17.0,0.0960272477945801,0.04488032499041232,58.0,2,0,0.0283257539770161,0.12435300177159621,75.0,h2h1q,0.029991003238820143,18.0,c6c5,0.0283257539770161,17.0,h2h1b,0.8947368421052632,0.9157894736842105,0.9473684210526315,0.631578947368421,0.8473684210526315
74,8774,2,"[0.100,0.150]",-0.11942730098962784,-0.0887451171875,0.030682183802127838,r2r2k1/4q1pp/5p2/p7/Ppp1P1b1/4QN1P/1PP2PP1/3RR1K1 b - - 0 1,-0.17161804312996978,-104.0,0.0974045976223542,0.0423418864077046,61.0,1,0,0.052190742140341945,-0.25117511988644686,-154.0,g4h5,-0.15377052226409266,-93.0,g4f3,-0.17161804312996978,-104.0,g4f3,0.9052631578947369,0.8947368421052632,0.7894736842105263,0.8105263157894737,0.85
27,7466,1,"[0.050,0.100]",0.09141077846288681,-0.035400390625,0.1268111690878868,2r2bk1/p2q1p1p/bp2p1p1/2n1P3/1P6/P3BN2/2B2PPP/1Q2R1K1 b - - 0 1,0.07485969068749909,45.0,0.34064701959373106,0.1514821811556404,207.0,1,1,0.01655108777538772,-0.22286294181414545,-136.0,c5b7,0.1177840777795856,71.0,c5a4,0.07485969068749909,45.0,c5a4,1.0,1.0,0.5473684210526316,0.9263157894736842,0.868421052631579
75,33766,0,"[0.000,0.050]",0.0,-0.0966796875,0.0966796875,3r4/1p3k2/2b2pN1/p4P2/3p2K1/2P1b3/4R2P/4R3 w - - 0 1,0.04164257074548595,25.0,0.12511860899496344,0.05153128820408688,76.0,1,0,0.04164257074548595,0.16676117974044938,101.0,c3d4,0.0897577847471601,54.0,c3d4,0.04164257074548595,25.0,h2h4,0.9578947368421052,0.9578947368421052,0.8,0.8210526315789474,0.8842105263157894
