split,shard_id,local_index,band_idx,band_label,err_bin_id,fen,target_y,teacher_pred,teacher_abs_err,oracle_reference_node_budget,oracle_reference_cp,oracle_reference_y_600,teacher_vs_train_abs,teacher_vs_oracle_abs_600,train_vs_oracle_abs_600,oracle_target_range_600,oracle_target_std_600,oracle_cp_range,bestmove_changes,sign_flips,oracle_reference_y_s400,teacher_vs_oracle_abs_s400,train_vs_oracle_abs_s400,oracle_reference_y_s600,teacher_vs_oracle_abs_s600,train_vs_oracle_abs_s600,oracle_reference_y_s800,teacher_vs_oracle_abs_s800,train_vs_oracle_abs_s800,oracle_reference_y_s1200,teacher_vs_oracle_abs_s1200,train_vs_oracle_abs_s1200,oracle_cp_n8000,oracle_y600_n8000,oracle_bestmove_n8000,train_vs_oracle_abs_n8000,oracle_cp_n32000,oracle_y600_n32000,oracle_bestmove_n32000,train_vs_oracle_abs_n32000,oracle_cp_n128000,oracle_y600_n128000,oracle_bestmove_n128000,train_vs_oracle_abs_n128000,rank_oracle_target_range_600,rank_oracle_target_std_600,rank_bestmove_changes,rank_sign_flips,band_instability_score,stability_group,teacher_closer_to_oracle_than_train_600,teacher_oracle_sign_match,train_oracle_sign_match
test,0,8144,0,"[0.000,0.050]",0,3r2k1/pp2qpbp/2p3p1/P2np3/2P1N3/1Q2PNP1/1P3PP1/4K2R b K - 0 1,0.016665123403072357,0.0426025390625,0.025937415659427643,128000,14.0,0.023329099687423707,0.025937415659427643,0.019273439375076293,0.00666397628435135,0.12718525020386112,0.05644213423586134,77.0,1,0,0.03498571533277944,0.0076168237297205565,0.018320591929707086,0.023329099687423707,0.019273439375076293,0.00666397628435135,0.01749821376048069,0.02510432530201931,0.0008330903574083337,0.011666137374496012,0.03093640168800399,0.004998986028576345,91.0,0.15051434989128484,d5b4,0.13384922648821249,24.0,0.03997868031116357,d5b4,0.023313556908091213,14.0,0.023329099687423707,d5f6,0.00666397628435135,1.0,1.0,0.6595744680851063,0.0,0.6648936170212766,unstable,False,True,True
test,0,27235,0,"[0.000,0.050]",0,3q1rk1/pp1bpp2/3p1npQ/4n2p/3NP2P/1BP2P2/P1P3P1/2KR3R b - - 0 1,-0.04164256900548935,-0.00323486328125,0.03840770572423935,128000,-3.0,-0.004999958333749996,0.03840770572423935,0.001765095052499996,0.03664261067173935,0.03832861335703157,0.01577040313348111,23.0,2,2,-0.00749985937816399,0.00426499609691399,0.03414270962732536,-0.004999958333749996,0.001765095052499996,0.03664261067173935,-0.0037499824219738766,0.0005151191407238766,0.03789258658351547,-0.0024999947916796877,0.0007348684895703123,0.039142574213809664,-12.0,-0.01999733375993093,d8a5,0.02164523524555842,11.0,0.01833127959710064,a7a5,0.05997384860258999,-3.0,-0.004999958333749996,d8c7,0.03664261067173935,0.5319148936170213,0.5106382978723404,0.8723404255319149,0.9361702127659575,0.7127659574468085,unstable,True,True,True
test,0,3912,0,"[0.000,0.050]",1,8/R7/5pk1/4p3/6P1/5P1K/1r6/8 w - - 0 1,0.0,0.05499267578125,0.05499267578125,128000,-2.0,-0.0033333209877091908,0.05499267578125,0.05832599676895919,0.0033333209877091908,0.0049999027795318614,0.002078656205149084,3.0,0,0,-0.004999958333749996,0.059992634115,0.004999958333749996,-0.0033333209877091908,0.05832599676895919,0.0033333209877091908,-0.0024999947916796877,0.057492670572929686,0.0024999947916796877,-0.001666665123458505,0.056659340904708505,0.001666665123458505,-1.0,-0.001666665123458505,h3g3,0.001666665123458505,-4.0,-0.0066665679029903665,h3g3,0.0066665679029903665,-2.0,-0.0033333209877091908,h3g3,0.0033333209877091908,0.1276595744680851,0.10638297872340426,0.0,0.02127659574468085,0.06382978723404255,stable,False,False,False
test,0,8196,0,"[0.000,0.050]",1,8/8/p5p1/Pp3k1p/2pK3P/2P2bP1/1P2N3/8 w - - 0 1,0.0,0.0963134765625,0.0963134765625,128000,0.0,0.0,0.0963134765625,0.0963134765625,0.0,0.0,0.0,0.0,0,0,0.0,0.0963134765625,0.0,0.0,0.0963134765625,0.0,0.0,0.0963134765625,0.0,0.0,0.0963134765625,0.0,0.0,0.0,e2g1,0.0,0.0,0.0,e2g1,0.0,0.0,0.0,e2g1,0.0,0.0,0.0,0.02127659574468085,0.0425531914893617,0.015957446808510637,stable,False,False,True
test,0,16259,1,"[0.050,0.200]",0,3rr1k1/5p2/1ppp1np1/p1n4p/2PRPPb1/2N2BP1/PPN3KP/4R3 w - - 0 1,0.051620740443468094,0.07513427734375,0.023513536900281906,128000,41.0,0.06822717204671605,0.023513536900281906,0.00690710529703395,0.016606431603247956,0.03481317605797268,0.014344766757124306,21.0,0,0,0.10214253861468392,0.02700826127093392,0.050521798171215826,0.06822717204671605,0.00690710529703395,0.016606431603247956,0.05120517664923562,0.02392910069451438,0.0004155637942324722,0.03415337792574826,0.04098089941800174,0.017467362517719832,54.0,0.0897577847471601,h2h3,0.03813704430369201,33.0,0.05494460868918742,h2h3,0.0033238682457193275,41.0,0.06822717204671605,h2h3,0.016606431603247956,0.5319148936170213,0.48936170212765956,0.0,0.0,0.2553191489361702,stable,True,True,True
test,0,1649,1,"[0.050,0.200]",0,6k1/5p2/5b1p/rb1P4/3P1p2/5BP1/4PP1P/1R4K1 w - - 0 1,-0.07320215553045273,-0.0275726318359375,0.04562952369451523,128000,-60.0,-0.09966799462495582,0.04562952369451523,0.07209536278901832,0.02646583909450309,0.024808303937456727,0.011694746629275053,15.0,0,0,-0.14888503362331795,0.12131240178738045,0.07568287809286522,-0.09966799462495582,0.07209536278901832,0.02646583909450309,-0.07485969068749909,0.04728705885156159,0.0016575351570463637,-0.04995837495787997,0.02238574312194247,0.02324378057257276,-60.0,-0.09966799462495582,g3f4,0.02646583909450309,-45.0,-0.07485969068749909,g3f4,0.0016575351570463637,-60.0,-0.09966799462495582,g3f4,0.02646583909450309,0.3617021276595745,0.40425531914893614,0.02127659574468085,0.02127659574468085,0.2021276595744681,stable,False,True,True
test,0,7225,1,"[0.050,0.200]",0,2b2rk1/2pqbppp/p2p1n2/N1p5/1r2PB2/1PN5/P1P2PPP/R2Q1RK1 w - - 0 1,0.11942730098962784,0.0706787109375,0.04874859005212784,128000,87.0,0.14399226586303726,0.04874859005212784,0.07331355492553726,0.024564964873409423,0.01628052519952325,0.007320485530312267,10.0,0,0,0.21413397614340715,0.14345526520590715,0.09470667515377931,0.14399226586303726,0.07331355492553726,0.024564964873409423,0.10832330552729708,0.037644594589797076,0.011103995462330762,0.07237324046358946,0.0016945295260894638,0.047054060526038374,97.0,0.1602727910625605,d1f3,0.04084549007293267,88.0,0.14562398314002767,d1f3,0.02619668215039983,87.0,0.14399226586303726,d1f3,0.024564964873409423,0.19148936170212766,0.19148936170212766,0.0425531914893617,0.0425531914893617,0.11702127659574468,stable,False,True,True
test,0,11073,1,"[0.050,0.200]",1,r1bqrk2/pp4pp/2pn4/3pN3/1Q1P4/2N2P2/PP4PP/R3R1K1 w - - 0 1,0.09306326508522034,0.1688232421875,0.07575997710227966,128000,90.0,0.14888503362331795,0.07575997710227966,0.019938208564182047,0.055821768538097616,0.011416359201193355,0.004801717940536815,7.0,2,0,0.22127846789844396,0.052455225710943965,0.12821520281322363,0.14888503362331795,0.019938208564182047,0.055821768538097616,0.11202778108923989,0.056795461098260114,0.01896451600401955,0.07485969068749909,0.09396355150000091,0.018203574397721245,85.0,0.14072648971223092,c3a4,0.047663224627010586,92.0,0.15214284891342428,e1e2,0.05907958382820394,90.0,0.14888503362331795,e1e3,0.055821768538097616,0.0851063829787234,0.0851063829787234,0.8936170212765957,0.06382978723404255,0.28191489361702127,stable,True,True,True
test,0,47592,1,"[0.050,0.200]",2,4rrk1/ppp3pp/3bq3/1Np4n/4P3/5P2/PPP1Q1PP/R1B2RK1 b - - 0 1,-0.15214285254478455,0.0154571533203125,0.16760000586509705,128000,-106.0,-0.1748513390060125,0.16760000586509705,0.190308492326325,0.022708486461227945,0.021080816741919833,0.009579404493089678,13.0,1,0,-0.25896622393478974,0.27442337725510224,0.1068233713900052,-0.1748513390060125,0.190308492326325,0.022708486461227945,-0.1317300057909633,0.1471871591112758,0.02041284675382124,-0.08810429968944254,0.10356145300975504,0.064038552855342,-93.0,-0.15377052226409266,d6f4,0.0016276697193081113,-105.0,-0.1732351578346601,d6e5,0.021092305289875546,-106.0,-0.1748513390060125,d6e5,0.022708486461227945,0.3191489361702128,0.3191489361702128,0.6170212765957447,0.0851063829787234,0.33510638297872336,stable,False,False,True
test,0,2828,1,"[0.050,0.200]",2,4b3/k4r1p/1bpB2p1/2pn4/2N1N3/3B3P/PP3PP1/6K1 w - - 0 1,0.15051434934139252,0.476318359375,0.3258040100336075,128000,79.0,0.1309110434076264,0.3258040100336075,0.3454073159673736,0.019603305933766108,0.018038021638878826,0.007614357216513302,11.0,0,0,0.19497153165403217,0.28134682772096786,0.04445718231263965,0.1309110434076264,0.3454073159673736,0.019603305933766108,0.09843025820266699,0.377888101172333,0.05208409113872553,0.06573839009280362,0.41057996928219637,0.0847759592485889,82.0,0.13582209941846443,c4b6,0.014692249922928086,71.0,0.1177840777795856,c4b6,0.03273027156180691,79.0,0.1309110434076264,c4b6,0.019603305933766108,0.23404255319148937,0.23404255319148937,0.06382978723404255,0.10638297872340426,0.1595744680851064,stable,False,True,True
test,0,39240,1,"[0.050,0.200]",2,2kr1bnr/pp3ppp/8/4P3/3n1Bb1/5N2/PP1NBPPP/R2K3R b - - 0 1,-0.13254879415035248,0.330078125,0.4626269191503525,128000,-122.0,-0.20057667874737134,0.4626269191503525,0.5306548037473713,0.06802788459701886,0.04030388768481083,0.01667294191694339,25.0,1,0,-0.2958816041613005,0.6259597291613005,0.16333281001094802,-0.20057667874737134,0.5306548037473713,0.06802788459701886,-0.15132870208509885,0.48140682708509885,0.018779907934746376,-0.10131782952251743,0.43139595452251744,0.031230964627835048,-97.0,-0.1602727910625605,g4f3,0.027723996912208032,-113.0,-0.1861377851291081,d4e2,0.053588990978755635,-122.0,-0.20057667874737134,d4e2,0.06802788459701886,0.6595744680851063,0.6382978723404256,0.6382978723404256,0.1276595744680851,0.5159574468085106,middle,False,False,True
test,0,29222,2,"[0.200,0.500]",0,2kr2r1/ppq2p2/2p1pP2/2Np3p/P2P4/2PQ2PP/1P6/R4R1K b - - 0 1,-0.4879249930381775,-0.49072265625,0.0027976632118225098,128000,-287.0,-0.44490784028706626,0.0027976632118225098,0.04581481596293374,0.04301715275111123,0.05984226519240504,0.025660818406681923,44.0,0,0,-0.6153583568455542,0.12463570059555418,0.1274333638073767,-0.44490784028706626,0.04581481596293374,0.04301715275111123,-0.3441125253005428,0.14661013094945718,0.14381246773763467,-0.23470847709468398,0.256014179155316,0.2532165159434935,-297.0,-0.458175844698613,g8g3,0.02974914833956449,-253.0,-0.39833357950620796,g8g3,0.08959141353196953,-287.0,-0.44490784028706626,g8g3,0.04301715275111123,0.7021276595744681,0.6808510638297872,0.0,0.0,0.3457446808510638,middle,False,True,True
test,0,15296,2,"[0.200,0.500]",0,r1b2rk1/pp4p1/4N1qp/1B1P1p2/4n3/7P/PP2QPP1/R2R2K1 b - - 0 1,-0.45023900270462036,-0.42578125,0.02445775270462036,128000,-305.0,-0.4686455963830753,0.02445775270462036,0.04286434638307529,0.01840659367845493,0.041282033835358445,0.017223438987062363,31.0,0,0,-0.642547152682299,0.216765902682299,0.19230814997767864,-0.4686455963830753,0.04286434638307529,0.01840659367845493,-0.36379252917918686,0.06198872082081314,0.0864464735254335,-0.24883137539561212,0.17694987460438788,0.20140762730900824,-274.0,-0.42736356254771685,f8f6,0.022875440156903515,-295.0,-0.45553824319873387,f8f6,0.005299240494113511,-305.0,-0.4686455963830753,f8f6,0.01840659367845493,0.5531914893617021,0.5531914893617021,0.02127659574468085,0.0,0.28191489361702127,stable,False,True,True
test,0,11065,2,"[0.200,0.500]",2,4r1k1/pp2rppp/5n2/2ppq2b/P3PQ2/2PB1NP1/1P4PP/4RRK1 b - - 0 1,0.3554486632347107,0.11895751953125,0.2364911437034607,128000,272.0,0.4246351512897301,0.2364911437034607,0.3056776317584801,0.06918648805501942,0.015143755293548056,0.00639452200215009,11.0,0,0,0.5915193954318164,0.4725618759005664,0.23607073219710573,0.4246351512897301,0.3056776317584801,0.06918648805501942,0.32747739480870536,0.20851987527745536,0.027971268426005336,0.22286294181414545,0.10390542228289545,0.13258572142056524,269.0,0.42052804045599973,e5f4,0.06507937722128904,261.0,0.40949139599618206,e5f4,0.05404273276147137,272.0,0.4246351512897301,e5f4,0.06918648805501942,0.1276595744680851,0.1276595744680851,0.0425531914893617,0.0,0.07446808510638298,stable,False,True,True
test,0,1796,3,"[0.500,0.700]",0,8/6R1/1k4p1/p1p2b1p/5KP1/P6P/8/8 b - - 0 1,-0.6979711055755615,-0.732421875,0.03445076942443848,128000,-319.0,-0.4866540682893323,0.03445076942443848,0.24576780671066772,0.21131703728622925,0.07439207501841621,0.03041356429058173,56.0,0,0,-0.6626368112043609,0.06978506379563909,0.035334294371200614,-0.4866540682893323,0.24576780671066772,0.21131703728622925,-0.3788789061215473,0.3535429688784527,0.31909219945401424,-0.259743503093041,0.472678371906959,0.4382276024825205,-293.0,-0.4528926193579334,h5g4,0.24507848621762812,-263.0,-0.41226199327091606,h5g4,0.28570911230464546,-319.0,-0.4866540682893323,h5g4,0.21131703728622925,0.6808510638297872,0.6595744680851063,0.0,0.0,0.3351063829787234,middle,False,True,True
test,0,40974,3,"[0.500,0.700]",0,2r3k1/pp2rpp1/3b3p/2pP4/6Pq/5B2/PPQ2R1P/5R1K b - - 0 1,0.5569035410881042,0.46142578125,0.09547775983810425,128000,333.0,0.5042582228791403,0.09547775983810425,0.04283244162914035,0.0526453182089639,0.052691416837596816,0.02195027120518766,41.0,1,0,0.6818161045714362,0.22039032332143615,0.1249125634833319,0.5042582228791403,0.04283244162914035,0.0526453182089639,0.3937665640821581,0.0676592171678419,0.16313697700594615,0.2705896986456141,0.1908360826043859,0.28631384244249014,305.0,0.4686455963830753,c5c4,0.08825794470502896,292.0,0.45156680604154353,c8e8,0.10533673504656071,333.0,0.5042582228791403,c8e8,0.0526453182089639,0.425531914893617,0.40425531914893614,0.5531914893617021,0.0,0.3457446808510638,middle,True,True,True
test,0,35937,3,"[0.500,0.700]",2,4k2r/1p2bppp/p3p3/2p1N1B1/2P5/8/PP1r1PPP/3R2K1 w k - 0 1,0.5838825106620789,-0.0557861328125,0.6396686434745789,128000,418.0,0.6022477153458966,0.6396686434745789,0.6580338481583966,0.01836520468381775,0.0031768955821861455,0.0013205721204370545,3.0,0,0,0.7798548512749939,0.8356409840874939,0.19597234061291502,0.6022477153458966,0.6580338481583966,0.01836520468381775,0.47962721333937575,0.5354133461518757,0.10425529732270311,0.3348966307664805,0.3906827635789805,0.24898587989559834,419.0,0.6033088121071671,g5d2,0.01942630144508828,421.0,0.6054246109280828,g5d2,0.021542100266003894,418.0,0.6022477153458966,g5d2,0.01836520468381775,0.0,0.0,0.02127659574468085,0.0,0.005319148936170213,stable,False,False,True
test,0,49784,4,"[0.700,1.000]",1,r7/4kp2/2K3p1/P6p/R2P4/7P/5P2/8 b - - 0 1,-0.793816328048706,-0.61083984375,0.18297648429870605,128000,-481.0,-0.6649674979566038,0.18297648429870605,0.054127654206603815,0.12884883009210224,0.06591586860093324,0.029111430779345394,66.0,0,0,-0.8344155694676939,0.2235757257176939,0.04059924141898785,-0.6649674979566038,0.054127654206603815,0.12884883009210224,-0.5379384420258775,0.07290140172412252,0.25587788602282857,-0.3806617687202271,0.2301780750297729,0.41315455932847894,-415.0,-0.5990516293556706,a8c8,0.19476469869303548,-471.0,-0.6555672165322444,a8c8,0.1382491115164617,-481.0,-0.6649674979566038,a8c8,0.12884883009210224,0.5531914893617021,0.6170212765957447,0.0,0.0,0.2925531914893617,middle,True,True,True
test,0,8349,4,"[0.700,1.000]",1,r4r1k/2pqnpp1/p2p3p/bp2p2Q/4P3/2PP2N1/P1BB1PPP/R3R1K1 w - - 0 1,0.8022878766059875,0.53271484375,0.26957303285598755,128000,544.0,0.719528510739225,0.26957303285598755,0.18681366698922497,0.08275936586676258,0.036279234171462504,0.015066727699782297,46.0,0,0,0.8763930674728229,0.34367822372282286,0.07410519086683531,0.719528510739225,0.18681366698922497,0.08275936586676258,0.5915193954318164,0.05880455168181642,0.21076848117417113,0.4246351512897301,0.10807969246026988,0.37765272531625743,529.0,0.707253290643499,c2b3,0.0950345859624886,575.0,0.7435325248149615,c2b3,0.05875535179102609,544.0,0.719528510739225,c2b3,0.08275936586676258,0.2765957446808511,0.2765957446808511,0.02127659574468085,0.0,0.14361702127659576,stable,False,True,True
test,0,36635,4,"[0.700,1.000]",1,8/5kp1/7p/3PB2P/pbp2PP1/8/1P4K1/8 w - - 0 1,0.7321442365646362,0.4501953125,0.28194892406463623,128000,345.0,0.5190218338982221,0.28194892406463623,0.0688265213982221,0.21312240266641413,0.09438668260849198,0.038738065131756864,73.0,0,0,0.6975434949818516,0.24734818248185164,0.03460074158278459,0.5190218338982221,0.0688265213982221,0.21312240266641413,0.4063654224396171,0.0438298900603829,0.32577881412501913,0.2798321934754683,0.17036311902453172,0.45231204308916795,314.0,0.48026858828703056,g4g5,0.25187564827760567,272.0,0.4246351512897301,g4g5,0.3075090852749061,345.0,0.5190218338982221,g4g5,0.21312240266641413,0.7872340425531915,0.7446808510638298,0.0425531914893617,0.0,0.39361702127659576,middle,True,True,True
test,0,38102,4,"[0.700,1.000]",2,k7/P5r1/8/5P2/R7/7K/8/8 b - - 0 1,-1.0,-0.474365234375,0.525634765625,128000,-516.0,-0.6962576726866814,0.525634765625,0.22189243831168137,0.3037423273133186,0.0425953838750599,0.018713565778197216,47.0,1,0,-0.8591265382143658,0.3847613038393658,0.1408734617856342,-0.6962576726866814,0.22189243831168137,0.3037423273133186,-0.5682943783549708,0.09392914397997076,0.43170562164502924,-0.405321308689463,0.06904392568553702,0.5946786913105371,-469.0,-0.6536622888116215,g7h7,0.3463377111883785,-476.0,-0.6602932189044453,g7h7,0.33970678109555474,-516.0,-0.6962576726866814,g7g5,0.3037423273133186,0.3404255319148936,0.3191489361702128,0.6382978723404256,0.0,0.324468085106383,middle,True,True,True
test,0,13243,4,"[0.700,1.000]",2,6k1/1p6/p4qpQ/3p4/3P1P2/P3R3/6PK/1r6 b - - 0 1,-0.7537865042686462,0.291259765625,1.0450462698936462,128000,-404.0,-0.5871682693574662,1.0450462698936462,0.8784280349824662,0.16661823491118,0.30350017918000416,0.12426592097791225,229.0,0,0,-0.7657620182484389,1.0570217838734388,0.011975513979792685,-0.5871682693574662,0.8784280349824662,0.16661823491118,-0.4660402984777151,0.7573000641027151,0.28774620579093113,-0.3244982920267205,0.6157580576517205,0.42928821224192576,-175.0,-0.2836680901774621,g8f7,0.47011841409118416,-295.0,-0.45553824319873387,g8f7,0.29824826106991237,-404.0,-0.5871682693574662,g8f7,0.16661823491118,0.9787234042553191,0.9787234042553191,0.06382978723404255,0.0,0.5053191489361702,unstable,False,False,True
test,1,38554,0,"[0.000,0.050]",0,r4rk1/pp1q1p1p/2pb1pb1/3p4/3P1PP1/3B3P/PPP1N3/R2Q1RK1 b - - 0 1,-0.004999958444386721,-0.0203704833984375,0.01537052495405078,128000,46.0,0.07651680911202627,0.01537052495405078,0.09688729251046377,0.08151676755641299,0.019861103290018695,0.00868738187311797,12.0,0,0,0.11449570919711116,0.13486619259554866,0.11949566764149788,0.07651680911202627,0.09688729251046377,0.08151676755641299,0.05743671390287926,0.07780719730131676,0.06243667234726598,0.038314568128458674,0.058685051526896174,0.043314526572845395,56.0,0.09306326199720014,f6f5,0.09806322044158686,44.0,0.07320215870718144,f6f5,0.07820211715156816,46.0,0.07651680911202627,f6f5,0.08151676755641299,0.2978723404255319,0.2978723404255319,0.0425531914893617,0.06382978723404255,0.175531914893617,stable,False,False,False
test,1,42910,0,"[0.000,0.050]",0,r2q1rk1/pp4bp/4pnp1/1n1p4/2pP1B1P/2P3P1/1P1NBP2/R2QK2R b KQ - 0 1,-0.023329099640250206,-0.003719329833984375,0.01960976980626583,128000,-48.0,-0.07982976911113136,0.01960976980626583,0.07611043927714699,0.05650066947088116,0.04809361241359989,0.02028504874266036,29.0,2,0,-0.11942729853438588,0.11570796870040151,0.09609819889413568,-0.07982976911113136,0.07611043927714699,0.05650066947088116,-0.059928103529143496,0.05620877369515912,0.03659900388889329,-0.03997868031116357,0.036259350477179195,0.016649580670913364,-27.0,-0.044969649583600245,b5d6,0.02164054994335004,-56.0,-0.09306326199720014,d8e8,0.06973416235694993,-48.0,-0.07982976911113136,b5d6,0.05650066947088116,0.6595744680851063,0.6382978723404256,0.8936170212765957,0.0851063829787234,0.5691489361702128,middle,False,True,True
test,1,33120,0,"[0.000,0.050]",1,2kr2r1/pp1q3p/2p2p2/2bp1n2/8/2PQ1BPP/P2NPP2/R3K2R b KQ - 0 1,0.02499479241669178,0.141357421875,0.11636262945830822,128000,36.0,0.059928103529143496,0.11636262945830822,0.08142931834585651,0.034933311112451716,0.09061777547922423,0.042331594520688645,55.0,0,0,0.0897577847471601,0.051599637127839895,0.06476299233046832,0.059928103529143496,0.08142931834585651,0.034933311112451716,0.044969649583600245,0.09638777229139975,0.019974857166908465,0.029991003238820143,0.11136641863617985,0.004996210822128363,90.0,0.14888503362331795,f5d6,0.12389024120662617,35.0,0.05826725814409372,f5d6,0.03327246572740194,36.0,0.059928103529143496,f5d6,0.034933311112451716,0.9361702127659575,0.9574468085106383,0.06382978723404255,0.10638297872340426,0.5159574468085106,middle,False,True,True
test,1,45622,0,"[0.000,0.050]",2,3q2k1/5p1p/1p4pb/1P2p3/PQ2P1B1/3p2P1/5PKP/8 b - - 0 1,0.021663276478648186,0.24951171875,0.22784844227135181,128000,29.0,0.04829573112443868,0.22784844227135181,0.2012159876255613,0.026632454645790497,0.021629738699195853,0.009510020189676184,13.0,0,0,0.07237324046358946,0.17713847828641055,0.05070996398494128,0.04829573112443868,0.2012159876255613,0.026632454645790497,0.03623413008636282,0.21327758866363716,0.014570853607714637,0.02416196309725981,0.22534975565274018,0.0024986866186116237,18.0,0.029991003238820143,d3d2,0.008327726760171957,31.0,0.051620741938015996,d3d2,0.02995746545936781,29.0,0.04829573112443868,d3d2,0.026632454645790497,0.3191489361702128,0.3191489361702128,0.0851063829787234,0.1276595744680851,0.2127659574468085,stable,False,True,True
test,1,12306,1,"[0.050,0.200]",0,r1b1rnk1/pp6/2pqnp1p/3p2p1/3P2PP/P1N5/1PPQ1P2/2KRNBR1 w - - 0 1,0.07154422253370285,0.0207366943359375,0.05080752819776535,128000,62.0,0.10296710732236511,0.05080752819776535,0.08223041298642761,0.03142288478866226,0.006591362892064426,0.0028006768035019206,4.0,0,0,0.15377052226409266,0.13303382792815516,0.0822262997303898,0.10296710732236511,0.08223041298642761,0.03142288478866226,0.07734521041301597,0.056608516077078466,0.005800987879313116,0.051620741938015996,0.030884047602078496,0.019923480595686854,63.0,0.10461581914865054,e1g2,0.033071596614947685,66.0,0.10955847021442953,e1g2,0.038014247680726684,62.0,0.10296710732236511,e1g2,0.03142288478866226,0.0,0.0,0.0851063829787234,0.14893617021276595,0.05851063829787234,stable,False,True,True
test,1,39362,1,"[0.050,0.200]",2,1k1r3r/pp3p2/3qpn2/3Pb2p/1P4p1/P7/1B2BPPP/2RQ1RK1 w - - 0 1,-0.13254879415035248,0.008758544921875,0.14130733907222748,128000,-97.0,-0.1602727910625605,0.14130733907222748,0.1690313359844355,0.027723996912208032,0.06205957291554025,0.026981573288325424,38.0,0,0,-0.23785570960038063,0.24661425452225563,0.10530691545002815,-0.1602727910625605,0.1690313359844355,0.027723996912208032,-0.12065928537710655,0.12941783029898155,0.011889508773245933,-0.08065773651240324,0.08941628143427824,0.05189105763794924,-66.0,-0.10955847021442953,b2e5,0.022990323935922943,-104.0,-0.17161804312996978,b2e5,0.039069248979617305,-97.0,-0.1602727910625605,b2e5,0.027723996912208032,0.8297872340425532,0.8723404255319149,0.10638297872340426,0.1702127659574468,0.4946808510638298,middle,False,False,True
test,1,19271,2,"[0.200,0.500]",0,2n5/1ppr1pkp/6p1/1P6/2RN1P2/3P2P1/4PK1P/8 w - - 0 1,0.37709322571754456,0.385009765625,0.007916539907455444,128000,267.0,0.4177803451322398,0.007916539907455444,0.03277057950723983,0.04068711941469527,0.029228734342957197,0.013178746224380573,21.0,1,0,0.5833329814597088,0.1983232158347088,0.20623975574216424,0.4177803451322398,0.03277057950723983,0.04068711941469527,0.3218862831183258,0.06312348250667421,0.05520694259921877,0.21889956725665036,0.16611019836834964,0.1581936584608942,248.0,0.39129930611304253,e2e3,0.014206080395497978,269.0,0.42052804045599973,e2e3,0.043434814738455174,267.0,0.4177803451322398,e2e4,0.04068711941469527,0.3191489361702128,0.3829787234042553,0.723404255319149,0.0,0.3563829787234043,middle,True,True,True
test,1,40132,2,"[0.200,0.500]",0,6k1/6p1/4r3/8/B2B2N1/8/3K4/8 b - - 0 1,-0.3064897954463959,-0.330322265625,0.023832470178604126,128000,-222.0,-0.35399171247704597,0.023832470178604126,0.023669446852045972,0.0475019170306501,0.29074292251350875,0.13470735535326997,184.0,0,0,-0.5042582228791403,0.17393595725414035,0.19776842743274448,-0.35399171247704597,0.023669446852045972,0.0475019170306501,-0.2705896986456141,0.05973256697938589,0.03590009680078177,-0.18291795686556014,0.14740430875943986,0.12357183858083573,-38.0,-0.06324878996353721,e6e4,0.24324100548285865,-215.0,-0.34374514490925095,e6e4,0.03725534946285508,-222.0,-0.35399171247704597,e6e4,0.0475019170306501,1.0,1.0,0.06382978723404255,0.0,0.5159574468085106,unstable,True,True,True
test,1,25498,2,"[0.200,0.500]",0,rn1q1rk1/pp2bppp/2p1pn2/8/2PP4/3B1N2/PP1BQPPP/2KR3R w - - 0 1,0.29283711314201355,0.23583984375,0.05699726939201355,128000,178.0,0.2882592022313934,0.05699726939201355,0.0524193584813934,0.004577910910620153,0.042190798549767206,0.01744653563949749,28.0,0,0,0.4177803451322398,0.18194050138223983,0.12494323199022628,0.2882592022313934,0.0524193584813934,0.004577910910620153,0.21889956725665036,0.016940276493349643,0.07393754588536319,0.14725490855271123,0.08858493519728877,0.14558220458930232,206.0,0.3304500007811606,g2g4,0.03761288763914705,188.0,0.3034665106025228,g2g4,0.010629397460509227,178.0,0.2882592022313934,g2g4,0.004577910910620153,0.574468085106383,0.574468085106383,0.0851063829787234,0.0,0.30851063829787234,middle,False,True,True
test,1,24653,2,"[0.200,0.500]",1,r1b2rk1/pp2qpbp/2n5/2p5/8/5N2/PP1BBPPP/R2QR1K1 w - - 0 1,0.21651805937290192,0.1156005859375,0.10091747343540192,128000,121.0,0.19897653031498871,0.10091747343540192,0.08337594437748871,0.017541529057913202,0.033368284948366966,0.014460412358520348,21.0,0,0,0.2935987851159713,0.17799819917847132,0.0770807257430694,0.19897653031498871,0.08337594437748871,0.017541529057913202,0.15010709711157594,0.03450651117407594,0.06641096226132598,0.10049298115573199,0.015107604781768008,0.11602507821716992,125.0,0.20537067595698338,e2d3,0.011147383415918533,142.0,0.23234481526335568,e2d3,0.015826755890453764,121.0,0.19897653031498871,e2d3,0.017541529057913202,0.44680851063829785,0.44680851063829785,0.10638297872340426,0.0,0.25,stable,False,True,True
test,1,5669,2,"[0.200,0.500]",2,1r5r/4kpp1/2bb4/pB2p2p/8/4B2P/P1P2PP1/1R2K2R w - - 0 1,-0.40532130002975464,-0.0215911865234375,0.38373011350631714,128000,-236.0,-0.3742303030778431,0.38373011350631714,0.3526391165544056,0.03109099695191153,0.0378547587415109,0.016169400197222777,26.0,0,0,-0.5298956075275294,0.5083044210040919,0.12457430749777476,-0.3742303030778431,0.3526391165544056,0.03109099695191153,-0.2867302913888035,0.265139104865366,0.11859100864095112,-0.1941697464836912,0.1725785599602537,0.21115155354606344,-210.0,-0.3363755443363322,c2c4,0.06894575569342243,-216.0,-0.3452140341355209,c2c4,0.06010726589423376,-236.0,-0.3742303030778431,c2c4,0.03109099695191153,0.5106382978723404,0.5106382978723404,0.1276595744680851,0.0,0.28723404255319146,stable,False,True,True
test,1,22094,2,"[0.200,0.500]",2,3R4/pp1bppkp/2q3p1/8/8/5P2/PPP3PP/1K3B1R w - - 0 1,-0.4205280542373657,0.047607421875,0.4681354761123657,128000,-242.0,-0.3827974733626647,0.4681354761123657,0.4304048952376647,0.03773058087470105,0.12850194073627352,0.054111253034083005,86.0,1,0,-0.5405978980932037,0.5882053199682037,0.12006984385583797,-0.3827974733626647,0.4304048952376647,0.03773058087470105,-0.2935987851159713,0.3412062069909713,0.1269292691213944,-0.19897653031498871,0.24658395218998871,0.221551523922377,-156.0,-0.25429553262639115,f1d3,0.16623252161097457,-217.0,-0.34668123406471846,d8a8,0.07384682017264727,-242.0,-0.3827974733626647,d8a8,0.03773058087470105,0.9148936170212766,0.9148936170212766,0.7446808510638298,0.0,0.6436170212765957,unstable,False,False,True
test,1,25485,2,"[0.200,0.500]",2,1n6/5pp1/4p2p/Pk1pP2P/3P1PP1/1N6/7K/8 b - - 0 1,-0.47770002484321594,0.09698486328125,0.5746848881244659,128000,-69.0,-0.11449570919711116,0.5746848881244659,0.21148057247836116,0.3632043156461048,0.008231753059208674,0.003556338266006298,5.0,0,0,-0.17080913825893015,0.2677940015401802,0.30689088658428576,-0.11449570919711116,0.21148057247836116,0.3632043156461048,-0.08603676144861964,0.18302162472986966,0.3916632633945963,-0.05743671390287926,0.15442157718412924,0.4202633109403367,-65.0,-0.10791150943921407,b8c6,0.36978851540400187,-64.0,-0.10626395613790249,b8c6,0.3714360687053134,-69.0,-0.11449570919711116,b8c6,0.3632043156461048,0.0425531914893617,0.06382978723404255,0.14893617021276595,0.0,0.06382978723404255,stable,True,False,True
test,1,39163,2,"[0.200,0.500]",2,5k1r/1p5P/p1nbp1q1/3p1p2/3P1PpQ/PP4N1/KP1B4/7R b - - 0 1,0.31852078437805176,-0.322998046875,0.6415188312530518,128000,106.0,0.1748513390060125,0.6415188312530518,0.49784938588101246,0.14366944537203927,0.019318407477678712,0.008210508865008292,12.0,0,0,0.25896622393478974,0.5819642708097897,0.05955456044326202,0.1748513390060125,0.49784938588101246,0.14366944537203927,0.1317300057909633,0.4547280526659633,0.18679077858708845,0.08810429968944254,0.41110234656444256,0.2304164846886092,115.0,0.1893536203402951,d6e7,0.12916716403775666,118.0,0.1941697464836912,d6e7,0.12435103789436056,106.0,0.1748513390060125,d6e7,0.14366944537203927,0.14893617021276595,0.14893617021276595,0.1702127659574468,0.0,0.11702127659574468,stable,False,False,True
test,1,22112,3,"[0.500,0.700]",0,3q1r2/6bk/2Q3p1/P2np3/3pp2p/6P1/P2BPP1P/1RR3K1 w - - 0 1,0.6768800616264343,0.67724609375,0.00036603212356567383,128000,329.0,0.49927003692167204,0.00036603212356567383,0.17797605682832796,0.17761002470476228,0.10797073080862951,0.04653400941624715,81.0,1,0,0.6764282811209119,0.0008178126290880883,0.00045178050552241444,0.49927003692167204,0.17797605682832796,0.17761002470476228,0.3895335257475609,0.2877125680024391,0.28734653587887343,0.2674976504597236,0.4097484432902764,0.4093824111667107,264.0,0.41364444218713514,c1f1,0.2632356194392992,248.0,0.39129930611304253,c1f1,0.2855807555133918,329.0,0.49927003692167204,b1b7,0.17761002470476228,0.851063829787234,0.851063829787234,0.574468085106383,0.0,0.5691489361702128,unstable,False,True,True
test,1,40046,3,"[0.500,0.700]",0,1r3b1r/Q2np1p1/4bnkp/8/8/8/PPP2PPP/RNB1K2R b KQ - 0 1,-0.6341536045074463,-0.6025390625,0.03161454200744629,128000,-384.0,-0.564899552846225,0.03161454200744629,0.03763950965377505,0.06925405166122134,0.018293683509879588,0.007780057568867721,16.0,0,0,-0.7442768673618373,0.1417378048618373,0.110123262854391,-0.564899552846225,0.03763950965377505,0.06925405166122134,-0.4462436102487796,0.15629545225122038,0.18790999425866667,-0.30950692121263845,0.29303214128736155,0.32464668329480784,-372.0,-0.5511280285381469,e6f5,0.08302557596929938,-388.0,-0.5694217120480265,e6f5,0.0647318924594198,-384.0,-0.564899552846225,e6f5,0.06925405166122134,0.06382978723404255,0.06382978723404255,0.0425531914893617,0.0,0.0425531914893617,stable,True,True,True
test,1,39450,3,"[0.500,0.700]",0,8/8/4pk1p/3p3P/1r6/RP6/4K3/8 b - - 0 1,0.6971153616905212,0.59912109375,0.09799426794052124,128000,348.0,0.5226654296858207,0.09799426794052124,0.07645566406417925,0.1744499320047005,0.08851485869987569,0.03616920049161672,69.0,0,0,0.7013741309383125,0.10225303718831247,0.0042587692477912276,0.5226654296858207,0.07645566406417925,0.1744499320047005,0.40949139599618206,0.18962969775381794,0.2876239656943392,0.28213481266963414,0.31698628108036586,0.4149805490208871,279.0,0.43415057098594506,f6f5,0.2629647907045762,310.0,0.4751232429752499,f6f5,0.22199211871527136,348.0,0.5226654296858207,f6f5,0.1744499320047005,0.7872340425531915,0.7446808510638298,0.06382978723404255,0.0,0.39893617021276595,middle,True,True,True
test,1,13418,3,"[0.500,0.700]",1,r4rk1/2b3p1/p1Qqpp1p/1p6/8/1P3N2/PBP2PPP/R4RK1 w - - 0 1,0.5936821103096008,0.7490234375,0.15534132719039917,128000,465.0,0.6498274636719203,0.15534132719039917,0.09919597382807965,0.05614535336231952,0.05491801566661281,0.022854288651462818,61.0,1,0,0.8218529445288736,0.07282950702887359,0.22817083421927276,0.6498274636719203,0.09919597382807965,0.05614535336231952,0.5235733620926017,0.22545007540739825,0.07010874821699908,0.36920300064686146,0.37982043685313854,0.22447910966273937,526.0,0.7047454793385332,c6d6,0.11106336902893232,505.0,0.6866908300889353,c6d6,0.09300871977933445,465.0,0.6498274636719203,c6e4,0.05614535336231952,0.46808510638297873,0.44680851063829785,0.5957446808510638,0.0,0.37765957446808507,middle,False,True,True
test,1,18559,3,"[0.500,0.700]",1,r2k2r1/ppp1np1p/4b3/4B3/4PP2/2P5/P1P3PP/R3KB1R b KQ - 0 1,-0.5511280298233032,-0.325927734375,0.22520029544830322,128000,-418.0,-0.6022477153458966,0.22520029544830322,0.2763199809708966,0.05111968552259338,0.049960322984132555,0.022399704479921363,45.0,1,0,-0.7798548512749939,0.4539271168999939,0.22872682145169065,-0.6022477153458966,0.2763199809708966,0.05111968552259338,-0.47962721333937575,0.15369947896437575,0.07150081648392748,-0.3348966307664805,0.008968896391480519,0.2162313990568227,-413.0,-0.5969102374544998,e7c8,0.04578220763119656,-373.0,-0.552287392361764,d8e8,0.0011593625384608286,-418.0,-0.6022477153458966,d8e8,0.05111968552259338,0.40425531914893614,0.425531914893617,0.6170212765957447,0.0,0.36170212765957444,middle,False,True,True
test,1,43882,3,"[0.500,0.700]",1,6k1/5p2/4p1p1/4P1P1/R4P2/8/p5K1/r7 w - - 0 1,-0.512907087802887,-0.257080078125,0.25582700967788696,128000,-300.0,-0.46211715726000974,0.25582700967788696,0.20503707913500974,0.050789930542877226,0.13059769113027336,0.05480308447135935,97.0,1,0,-0.6351489523872873,0.3780688742622873,0.12224186458440034,-0.46211715726000974,0.20503707913500974,0.050789930542877226,-0.35835739835078595,0.10127732022578595,0.154549689452101,-0.24491866240370913,0.012161415721290869,0.26798842539917783,-233.0,-0.3699225200599619,a4a5,0.14298456774292506,-330.0,-0.5005202111902353,a4a5,0.012386876612651698,-300.0,-0.46211715726000974,a4a8,0.050789930542877226,0.9361702127659575,0.9148936170212766,0.6382978723404256,0.0,0.6223404255319149,unstable,False,True,True
test,1,36524,3,"[0.500,0.700]",2,8/1ppk4/8/P7/4R3/2r5/8/3K4 b - - 0 1,0.6400942206382751,0.291015625,0.34907859563827515,128000,289.0,0.4475773947596221,0.34907859563827515,0.1565617697596221,0.19251682587865304,0.12905661785685124,0.0527856542381183,91.0,0,0,0.6184554723201562,0.3274398473201562,0.02163874831811896,0.4475773947596221,0.1565617697596221,0.19251682587865304,0.34631459274026355,0.05529896774026355,0.2937796278980116,0.23628271304415438,0.05473291195584562,0.40381150759412077,198.0,0.31852077690277086,d7c6,0.3215734437355043,247.0,0.3898869115507357,d7c6,0.25020730908753946,289.0,0.4475773947596221,d7c6,0.19251682587865304,0.9148936170212766,0.8936170212765957,0.0851063829787234,0.0,0.4734042553191489,unstable,True,True,True
test,1,22080,3,"[0.500,0.700]",2,4k3/5p2/bnq3p1/2b1p3/P5pP/1P6/2Q1PP1K/R1B2R2 b - - 0 1,0.6410769820213318,-0.25732421875,0.8984012007713318,128000,412.0,0.59583633980064,0.8984012007713318,0.85316055855064,0.045240642220691796,0.042391715990554246,0.01946245367233182,38.0,0,0,0.7739083398558421,1.0312325586058422,0.13283135783451028,0.59583633980064,0.85316055855064,0.045240642220691796,0.4738317916668404,0.7311560104168404,0.16724519035449137,0.3304500007811606,0.5877742195311606,0.3106269812401712,374.0,0.5534446238100857,g4g3,0.08763235821124604,376.0,0.5557526874715445,g4g3,0.0853242945497873,412.0,0.59583633980064,g4g3,0.045240642220691796,0.2765957446808511,0.2978723404255319,0.10638297872340426,0.0,0.17021276595744683,stable,False,False,True
test,1,35879,4,"[0.700,1.000]",1,5rk1/5ppp/p1p5/1P6/3P2b1/1BP1P1q1/1P6/RN1Q3K w - - 0 1,-0.8166468143463135,-0.66015625,0.15649056434631348,128000,-540.0,-0.7162978701990245,0.15649056434631348,0.05614162019902447,0.10034894414728901,0.02522840036609386,0.010754807735792916,30.0,0,0,-0.874053287886007,0.213897037886007,0.057406473539693526,-0.7162978701990245,0.05614162019902447,0.10034894414728901,-0.5882592563981054,0.07189699360189461,0.2283875579482081,-0.4218990052500079,0.2382572447499921,0.3947478090963056,-510.0,-0.6910694698329306,d1g4,0.12557734451338287,-517.0,-0.69711538533286,d1g4,0.11953142901345348,-540.0,-0.7162978701990245,d1g4,0.10034894414728901,0.19148936170212766,0.19148936170212766,0.0851063829787234,0.0,0.11702127659574468,stable,True,True,True
test,2,39303,0,"[0.000,0.050]",0,8/6p1/2B4p/8/7P/6P1/5r2/4k1K1 w - - 0 1,-0.014998875558376312,-0.0275421142578125,0.012543238699436188,128000,-65.0,-0.10791150943921407,0.012543238699436188,0.08036939518140157,0.09291263388083776,0.05073699485828484,0.02318936232606629,31.0,0,0,-0.1610846096413192,0.1335424953835067,0.1460857340829429,-0.10791150943921407,0.08036939518140157,0.09291263388083776,-0.08107167854757871,0.05352956428976621,0.0660728029892024,-0.05411375326401322,0.02657163900620072,0.03911487770563691,-96.0,-0.1586485042974989,c6a8,0.1436496287391226,-94.0,-0.15539736153535735,c6a8,0.14039848597698104,-65.0,-0.10791150943921407,c6a8,0.09291263388083776,0.7021276595744681,0.7021276595744681,0.10638297872340426,0.14893617021276595,0.4148936170212766,middle,True,True,True
test,2,10853,0,"[0.000,0.050]",0,r3kb1r/5ppp/p1b1pn2/3p4/1p2P3/3BBPP1/PPP1N1P1/R3K2R w KQkq - 0 1,0.023329099640250206,0.052459716796875,0.029130617156624794,128000,74.0,0.1227117692526878,0.029130617156624794,0.0702520524558128,0.0993826696124376,0.03460746956324526,0.014763645621026335,21.0,0,0,0.18291795686556014,0.13045824006868514,0.15958885722530994,0.1227117692526878,0.0702520524558128,0.0993826696124376,0.09223708209155926,0.03977736529468426,0.06890798245130905,0.061588617176587195,0.009128900379712195,0.03825951753633699,53.0,0.08810429968944254,e4e5,0.06477520004919234,69.0,0.11449570919711116,e4e5,0.09116660955686096,74.0,0.1227117692526878,e4e5,0.0993826696124376,0.48936170212765956,0.48936170212765956,0.1276595744680851,0.1702127659574468,0.3191489361702128,stable,True,True,True
test,2,28155,0,"[0.000,0.050]",0,r4r1k/p4pbp/1q4p1/4N3/3NnB2/1b2P2P/PP2QPP1/5RK1 w - - 0 1,0.0,0.033721923828125,0.033721923828125,128000,20.0,0.03332099313882286,0.033721923828125,0.00040093068930213693,0.03332099313882286,0.009991893451399156,0.004710223744251867,6.0,0,0,0.04995837495787997,0.01623645112975497,0.04995837495787997,0.03332099313882286,0.00040093068930213693,0.03332099313882286,0.02499479296842069,0.00872713085970431,0.02499479296842069,0.01666512362823861,0.01705680019988639,0.01666512362823861,14.0,0.023329099687423707,a2b3,0.023329099687423707,20.0,0.03332099313882286,a2b3,0.03332099313882286,20.0,0.03332099313882286,a2b3,0.03332099313882286,0.2127659574468085,0.2127659574468085,0.14893617021276595,0.19148936170212766,0.19148936170212766,stable,True,True,False
test,2,16204,0,"[0.000,0.050]",1,3r4/p5k1/1p2pr1p/1n1p4/2pP1PP1/P1P5/2P1R1B1/2K1R3 w - - 0 1,0.04330623149871826,-0.01348876953125,0.05679500102996826,128000,38.0,0.06324878996353721,0.05679500102996826,0.07673755949478721,0.019942558464818946,0.0397183173588279,0.017992133594637368,24.0,1,0,0.09471523628617855,0.10820400581742855,0.051409004787460286,0.06324878996353721,0.07673755949478721,0.019942558464818946,0.04746430825312217,0.06095307778437217,0.004158076754403911,0.03165608603411248,0.04514485556536248,0.011650145464605785,62.0,0.10296710732236511,e2e6,0.05966087582364685,40.0,0.06656807650226257,e2e6,0.023261845003544307,38.0,0.06324878996353721,g4g5,0.019942558464818946,0.5531914893617021,0.5531914893617021,0.6808510638297872,0.2127659574468085,0.5,middle,False,False,True
test,2,7014,0,"[0.000,0.050]",1,2rr2k1/pp1bbppp/2n1pn2/1N6/4P3/5NP1/PP3PBP/R1BR2K1 w - - 0 1,-0.016665123403072357,0.047943115234375,0.06460823863744736,128000,-15.0,-0.02499479296842069,0.06460823863744736,0.07293790820279569,0.008329669565348332,0.004996210270399454,0.002077109548617498,3.0,0,0,-0.03748243175707048,0.08542554699144547,0.020817308353998122,-0.02499479296842069,0.07293790820279569,0.008329669565348332,-0.018747803043321517,0.06669091827769652,0.0020826796402491597,-0.012499348999020865,0.060442464233395866,0.0041657744040514925,-16.0,-0.026660347476464806,c1e3,0.009995224073392449,-18.0,-0.029991003238820143,c1e3,0.013325879835747786,-15.0,-0.02499479296842069,c1e3,0.008329669565348332,0.10638297872340426,0.0851063829787234,0.1702127659574468,0.23404255319148937,0.14893617021276595,stable,False,False,True
test,2,16351,0,"[0.000,0.050]",1,2kr3r/pp5p/2bqp3/3n1pp1/8/3B4/PP2QPPP/R1BR2K1 w - - 0 1,-0.01833127997815609,-0.11016845703125,0.09183717705309391,128000,27.0,0.044969649583600245,0.09183717705309391,0.15513810661485025,0.06330092956175634,0.026638369986499606,0.011562018698649385,16.0,0,0,0.06739767086580163,0.17756612789705162,0.08572895084395772,0.044969649583600245,0.15513810661485025,0.06330092956175634,0.03373719138276957,0.14390564841401957,0.05206847136092566,0.022496203893709668,0.13266466092495965,0.04082748387186576,11.0,0.01833127959710064,d3c4,0.03666255957525673,24.0,0.03997868031116357,d3c4,0.05830996028931966,27.0,0.044969649583600245,d3c4,0.06330092956175634,0.3829787234042553,0.3829787234042553,0.19148936170212766,0.2553191489361702,0.3031914893617021,stable,False,False,False
test,2,22475,0,"[0.000,0.050]",1,5nk1/pbp3pp/2pb4/3p4/8/2N5/PPP3KP/R1B5 w - - 0 1,-0.04330623149871826,-0.1741943359375,0.13088810443878174,128000,-43.0,-0.07154422222815775,0.13088810443878174,0.10265011370934225,0.028237990729439486,0.05772836137790059,0.02364439436082383,35.0,1,0,-0.10708780630223659,0.06710652963526341,0.06378157480351833,-0.07154422222815775,0.10265011370934225,0.028237990729439486,-0.05369829737822873,0.12049603855927127,0.01039206587951047,-0.035818004208037484,0.1383763317294625,0.007488227290680778,-78.0,-0.12927258360605834,c3e2,0.08596635210734008,-58.0,-0.096366689100842,c1d2,0.053060457602123745,-43.0,-0.07154422222815775,c1d2,0.028237990729439486,0.7446808510638298,0.723404255319149,0.7021276595744681,0.2765957446808511,0.6117021276595745,middle,False,True,True
test,2,39616,0,"[0.000,0.050]",2,8/1p5p/6p1/pNk1p3/Pb6/1P2PK2/6PP/8 w - - 0 1,0.0,-0.1455078125,0.1455078125,128000,10.0,0.01666512362823861,0.1455078125,0.1621729361282386,0.01666512362823861,0.01333180264052942,0.005664975234703741,8.0,1,0,0.02499479296842069,0.1705026054684207,0.02499479296842069,0.01666512362823861,0.1621729361282386,0.01666512362823861,0.012499348999020865,0.15800716149902086,0.012499348999020865,0.008333140437456983,0.15384095293745698,0.008333140437456983,8.0,0.013332543266059059,g2g3,0.013332543266059059,2.0,0.0033333209877091908,f3e4,0.0033333209877091908,10.0,0.01666512362823861,f3e4,0.01666512362823861,0.23404255319148937,0.23404255319148937,0.723404255319149,0.2978723404255319,0.3723404255319149,stable,False,False,False
test,2,2881,0,"[0.000,0.050]",2,2kr2r1/pp3p2/1qn1p3/n3P3/P2p1PP1/B1pQ3P/2P1N2K/R4R2 b - - 0 1,-0.044969648122787476,0.1441650390625,0.18913468718528748,128000,-36.0,-0.059928103529143496,0.18913468718528748,0.2040931425916435,0.01495845540635602,0.031482671639668246,0.01412637180646535,19.0,0,0,-0.0897577847471601,0.23392282380966012,0.04478813662437263,-0.059928103529143496,0.2040931425916435,0.01495845540635602,-0.044969649583600245,0.18913468864610025,1.4608127693604978e-09,-0.029991003238820143,0.17415604230132015,0.014978644883967333,-55.0,-0.09141077516881174,b6a6,0.046441127046024266,-53.0,-0.08810429968944254,b6a6,0.043134651566655066,-36.0,-0.059928103529143496,b6a6,0.01495845540635602,0.425531914893617,0.425531914893617,0.2127659574468085,0.3191489361702128,0.3457446808510638,stable,False,False,True
test,2,10503,0,"[0.000,0.050]",2,8/3k3p/4p1p1/p2pP1P1/Pp1P4/1PPK3P/8/8 w - - 0 1,0.03997867926955223,0.52978515625,0.48980647698044777,128000,49.0,0.08148559261788745,0.48980647698044777,0.44829956363211254,0.041506913348335214,0.07878719844467306,0.03292704888069333,48.0,1,0,0.12189090064943241,0.4078942556005676,0.08191222137988018,0.08148559261788745,0.44829956363211254,0.041506913348335214,0.06117352036416194,0.46861163588583804,0.021194841094609708,0.04081065382184176,0.48897450242815826,0.0008319745522895258,97.0,0.1602727910625605,d3c2,0.12029411179300828,82.0,0.13582209941846443,d3e3,0.0958434201489122,49.0,0.08148559261788745,d3e3,0.041506913348335214,0.8723404255319149,0.8723404255319149,0.7446808510638298,0.3404255319148936,0.7074468085106383,unstable,False,True,True
test,2,29292,1,"[0.050,0.200]",0,r4rk1/1p4pp/2p1b3/p1R1Pp2/3Pp3/4P2P/PP2N1P1/5RK1 w - - 0 1,0.1341858059167862,0.1142578125,0.019927993416786194,128000,109.0,0.1796941997916806,0.019927993416786194,0.06543638729168061,0.045508393874894415,0.019341977437526775,0.00793203851738209,12.0,1,0,0.26594955336092135,0.15169174086092135,0.13176374744413516,0.1796941997916806,0.06543638729168061,0.045508393874894415,0.13541309614672004,0.021155283646720036,0.0012272902299338417,0.09058434234757576,0.023673470152424242,0.043601463569210436,116.0,0.19096002056749656,a2a3,0.056774214650710364,104.0,0.17161804312996978,a2a3,0.03743223721318359,109.0,0.1796941997916806,h3h4,0.045508393874894415,0.2765957446808511,0.2553191489361702,0.6595744680851063,0.19148936170212766,0.3457446808510638,stable,False,True,True
test,2,27017,1,"[0.050,0.200]",0,r2qk2r/pp1nbpp1/2p1pnp1/6B1/3P4/1BN5/PPP3PP/R2Q1RK1 w kq - 0 1,-0.18935361504554749,-0.1456298828125,0.043723732233047485,128000,-117.0,-0.19256539859357566,0.043723732233047485,0.04693551578107566,0.0032117835480281742,0.009647441728015516,0.004220652386224405,6.0,0,0,-0.28443418591487535,0.13880430310237535,0.09508057086932786,-0.19256539859357566,0.04693551578107566,0.0032117835480281742,-0.1452161277265203,0.0004137550859797112,0.0441374873190272,-0.09719221716626866,0.04843766564623134,0.09216139787927882,-116.0,-0.19096002056749656,d1f3,0.0016064055219490725,-111.0,-0.18291795686556014,d1f3,0.006435658179987341,-117.0,-0.19256539859357566,d1f3,0.0032117835480281742,0.0425531914893617,0.0425531914893617,0.1276595744680851,0.2127659574468085,0.10638297872340424,stable,False,True,True
test,2,49725,1,"[0.050,0.200]",2,r7/1p3kpp/2b1pp2/p1P5/3R4/PP2BP2/5KPP/8 b - - 0 1,0.05328282341361046,0.1802978515625,0.12701502814888954,128000,15.0,0.02499479296842069,0.12701502814888954,0.1553030585940793,0.02828803044518977,0.038253996995116515,0.01642615434185295,23.0,1,0,0.03748243175707048,0.14281541980542953,0.01580039165653998,0.02499479296842069,0.1553030585940793,0.02828803044518977,0.018747803043321517,0.16155004851917848,0.03453502037028894,0.012499348999020865,0.16779850256347914,0.04078347441458959,20.0,0.03332099313882286,e6e5,0.019961830274787595,38.0,0.06324878996353721,e6e5,0.00996596654992675,15.0,0.02499479296842069,h7h5,0.02828803044518977,0.5957446808510638,0.5531914893617021,0.6808510638297872,0.23404255319148937,0.5159574468085106,middle,False,True,True
test,2,1616,1,"[0.050,0.200]",2,2rr2k1/5p1p/p4p2/1p6/4n3/1NP5/P4PPP/2R2RK1 w - - 0 1,-0.14725491404533386,0.032623291015625,0.17987820506095886,128000,-118.0,-0.1941697464836912,0.17987820506095886,0.2267930374993162,0.04691483243835734,0.016088878366361026,0.007235925513692558,10.0,1,0,-0.2867302913888035,0.3193535824044285,0.13947537734346965,-0.1941697464836912,0.2267930374993162,0.04691483243835734,-0.14643954535966971,0.17906283637529471,0.0008153686856641473,-0.09801761151771787,0.13064090253334287,0.04923730252761599,-117.0,-0.19256539859357566,f1e1,0.0453104845482418,-108.0,-0.17808086811733018,f1e1,0.030825954071996314,-118.0,-0.1941697464836912,h2h3,0.04691483243835734,0.1702127659574468,0.1702127659574468,0.7021276595744681,0.2553191489361702,0.324468085106383,stable,False,False,True
test,2,47384,2,"[0.200,0.500]",0,8/p3k1p1/1p4Bp/2b2PP1/P6P/1P6/3r1PK1/5R2 b - - 0 1,-0.2989200949668884,-0.267822265625,0.031097829341888428,128000,-179.0,-0.28978664470539495,0.031097829341888428,0.021964379080394947,0.009133450261493481,0.024234280641602657,0.010522810656764818,16.0,0,0,-0.4198418366689064,0.1520195710439064,0.12092174170201797,-0.28978664470539495,0.021964379080394947,0.009133450261493481,-0.220089344809054,0.04773292081594599,0.07883075015783442,-0.14807007165996466,0.11975219396503534,0.15085002330692376,-195.0,-0.3140209253469976,h6g5,0.015100830380109176,-192.0,-0.30950692121263845,h6g5,0.010586826245750025,-179.0,-0.28978664470539495,h6g5,0.009133450261493481,0.19148936170212766,0.19148936170212766,0.19148936170212766,0.0,0.14361702127659576,stable,False,True,True
test,2,15009,2,"[0.200,0.500]",0,5r2/5pk1/p5pp/1p6/1P1n4/3P2P1/1N3PKP/R7 b - - 0 1,0.21651805937290192,0.26171875,0.045200690627098083,128000,158.0,0.2574106598194166,0.045200690627098083,0.004308090180583424,0.04089260044651466,0.11132641242255056,0.05042818570846271,70.0,0,0,0.3756626611656808,0.11394391116568081,0.1591446017927789,0.2574106598194166,0.004308090180583424,0.04089260044651466,0.19497153165403217,0.06674721834596783,0.02154652771886975,0.1309110434076264,0.1308077065923736,0.08560701596527551,94.0,0.15539736153535735,f8a8,0.06112069783754456,164.0,0.2667237739579079,f8a8,0.050205714585006,158.0,0.2574106598194166,f8a8,0.04089260044651466,0.8723404255319149,0.8723404255319149,0.2127659574468085,0.0,0.4893617021276596,middle,True,True,True
test,2,25206,2,"[0.200,0.500]",0,r7/3k4/3p1p2/2n1p2N/2PpPP2/3P2P1/5NK1/8 b - - 0 1,0.4891938269138336,0.53955078125,0.05035695433616638,128000,272.0,0.4246351512897301,0.05035695433616638,0.11491562996026988,0.0645586756241035,0.0400994568227534,0.01657858747033615,30.0,0,0,0.5915193954318164,0.05196861418181642,0.1023255685179828,0.4246351512897301,0.11491562996026988,0.0645586756241035,0.32747739480870536,0.21207338644129464,0.16171643210512826,0.22286294181414545,0.31668783943585455,0.26633088509968816,291.0,0.45023899557964614,d7e7,0.03895483133418748,302.0,0.4647346081124835,d7e7,0.024459218801350102,272.0,0.4246351512897301,d7e7,0.0645586756241035,0.5319148936170213,0.5319148936170213,0.23404255319148937,0.0,0.324468085106383,middle,False,True,True
test,2,46186,2,"[0.200,0.500]",1,R7/1B3p2/P4kpp/8/2p1P3/1b5P/5PPK/3r4 b - - 0 1,-0.36125919222831726,-0.263671875,0.09758731722831726,128000,-186.0,-0.30043709714765415,0.09758731722831726,0.03676522214765415,0.06082209508066311,0.05082414821079556,0.02162851604339372,33.0,0,0,-0.43415057098594506,0.17047869598594506,0.0728913787576278,-0.30043709714765415,0.03676522214765415,0.06082209508066311,-0.2283992855537903,0.0352725894462097,0.13285990667452696,-0.15377052226409266,0.10990135273590734,0.2074886699642246,-153.0,-0.2496129489368586,d1a1,0.11164624329145867,-161.0,-0.2620733186346372,d1a1,0.09918587359368009,-186.0,-0.30043709714765415,d1a1,0.06082209508066311,0.5957446808510638,0.5957446808510638,0.2553191489361702,0.0,0.36170212765957444,middle,True,True,True
test,2,23478,2,"[0.200,0.500]",1,3q1rk1/1b2P2p/1n3bp1/rpp3N1/1n6/7P/P3QPP1/RBB1R1K1 b - - 0 1,-0.34080231189727783,-0.446533203125,0.10573089122772217,128000,-220.0,-0.3510726459789084,0.10573089122772217,0.09546055714609158,0.010270334081630583,0.05823554683950072,0.027114450489371687,39.0,0,0,-0.5005202111902353,0.053987008065235265,0.15971789929295743,-0.3510726459789084,0.09546055714609158,0.010270334081630583,-0.2682711820216014,0.17826202110339862,0.07253112987567645,-0.18130656540177167,0.2652266377232283,0.15949574649550616,-181.0,-0.2928370991394077,d8e7,0.047965212757870135,-219.0,-0.34961054516462703,d8e7,0.008808233267349197,-220.0,-0.3510726459789084,d8e7,0.010270334081630583,0.6808510638297872,0.7446808510638298,0.2765957446808511,0.0,0.425531914893617,middle,False,True,True
test,2,21269,2,"[0.200,0.500]",1,2r5/4bkpp/p3pp2/1p6/nP1N4/P2rB1P1/5PKP/R4R2 w - - 0 1,-0.3856387138366699,-0.246337890625,0.13930082321166992,128000,-263.0,-0.41226199327091606,0.13930082321166992,0.16592410264591606,0.02662327943424614,0.026623268862510097,0.011938551773640909,19.0,0,0,-0.5766972680161979,0.3303593773911979,0.191058554179528,-0.41226199327091606,0.16592410264591606,0.02662327943424614,-0.3173971494712888,0.07105925884628878,0.06824156436538115,-0.21572365173266275,0.030614238892337248,0.16991506210400717,-244.0,-0.38563872440840596,f1c1,1.0571736042130908e-08,-246.0,-0.38847268021606096,f1c1,0.0028339663793910397,-263.0,-0.41226199327091606,f1c1,0.02662327943424614,0.23404255319148937,0.2765957446808511,0.2978723404255319,0.0,0.2021276595744681,stable,False,True,True
test,2,14457,2,"[0.200,0.500]",1,5rk1/3R1p1p/4p3/1p6/4N1n1/4P1P1/1P2r2P/R5K1 w - - 0 1,-0.24648471176624298,-0.039764404296875,0.20672030746936798,128000,-142.0,-0.23234481526335568,0.20672030746936798,0.19258041096648068,0.0141398965028873,0.02662140867143406,0.011359945640477662,17.0,1,0,-0.34080231961773716,0.30103791532086216,0.09431760785149418,-0.23234481526335568,0.19258041096648068,0.0141398965028873,-0.17565907696502286,0.13589467266814786,0.07082563480122012,-0.1177840777795856,0.0780196734827106,0.12870063398665738,-159.0,-0.25896622393478974,b2b4,0.01248151216854676,-146.0,-0.23864174083459025,d7d2,0.007842970931652732,-142.0,-0.23234481526335568,d7d2,0.0141398965028873,0.2127659574468085,0.23404255319148937,0.7659574468085106,0.0,0.30319148936170215,middle,False,True,True
test,2,36425,2,"[0.200,0.500]",2,r1r3k1/1q2bppp/2b1p3/p2pPPP1/N7/pPR5/1P1Q2BP/1K4R1 w - - 0 1,-0.4408886432647705,-0.067138671875,0.3737499713897705,128000,-239.0,-0.3785219953086708,0.3737499713897705,0.3113833234336708,0.0623666479560997,0.008534621087171235,0.0034842465958915135,6.0,0,0,-0.5352682346432502,0.46812956276825024,0.09437959137847973,-0.3785219953086708,0.3113833234336708,0.0623666479560997,-0.29016827514545385,0.22302960327045385,0.15072036811931666,-0.19657431950970516,0.12943564763470516,0.24431432375506534,-242.0,-0.3827974733626647,f5e6,0.05809116990210583,-245.0,-0.38705661639584205,f5e6,0.05383202686892846,-239.0,-0.3785219953086708,f5e6,0.0623666479560997,0.06382978723404255,0.0425531914893617,0.3191489361702128,0.0,0.10638297872340426,stable,False,True,True
test,2,27885,2,"[0.200,0.500]",2,4k3/1b2n2Q/p4R2/1pbq4/3p2pP/2P3P1/PP5K/R1B5 w - - 0 1,-0.36559876799583435,0.7509765625,1.1165753304958344,128000,-181.0,-0.2928370991394077,1.1165753304958344,1.0438136616394078,0.07276166885642665,0.08028187378223456,0.03298182616446383,53.0,0,0,-0.423951838825587,1.174928401325587,0.05835307082975266,-0.2928370991394077,1.0438136616394078,0.07276166885642665,-0.22246693335173895,0.973443495851739,0.1431318346440954,-0.14969979338573983,0.9006763558857398,0.21589897461009452,-160.0,-0.2605204458355026,h7f7,0.10507832216033175,-213.0,-0.34080231961773716,h7f7,0.02479644837809719,-181.0,-0.2928370991394077,h7f7,0.07276166885642665,0.8297872340425532,0.8297872340425532,0.3404255319148936,0.0,0.5,unstable,False,False,True
test,2,34063,3,"[0.500,0.700]",0,8/ppk2r2/2b4R/3n4/2PN1P2/7P/PP6/R5K1 b - - 0 1,-0.6813699007034302,-0.6591796875,0.022190213203430176,128000,-479.0,-0.6631039801737872,0.022190213203430176,0.003924292673787244,0.01826592052964293,0.08585079589821143,0.03961576222635475,84.0,0,0,-0.8328904660394908,0.1737107785394908,0.15152056533606062,-0.6631039801737872,0.003924292673787244,0.01826592052964293,-0.5361594977442448,0.12302018975575524,0.14521040295918541,-0.3792357042639019,0.2799439832360981,0.30213419643952827,-395.0,-0.5772531842755758,f7g7,0.10411671642785436,-475.0,-0.6593521627123083,f7g7,0.022017737991121833,-479.0,-0.6631039801737872,f7g7,0.01826592052964293,0.7021276595744681,0.8297872340425532,0.1276595744680851,0.0,0.4148936170212766,middle,True,True,True
test,2,369,3,"[0.500,0.700]",0,4r1k1/1pp2p2/1b6/5q2/7Q/2P4P/P4PP1/5RK1 w - - 0 1,-0.5214530229568481,-0.394775390625,0.12667763233184814,128000,-390.0,-0.5716699660851172,0.12667763233184814,0.17689457546011722,0.050216943128269076,0.04658602277292223,0.01969097362330139,40.0,2,0,-0.7508932836251672,0.35611789300016716,0.22944026066831902,-0.5716699660851172,0.17689457546011722,0.050216943128269076,-0.4522299625215583,0.05745457189655828,0.06922306043528986,-0.3140209253469976,0.0807544652780024,0.20743209760985054,-350.0,-0.525083943312195,f1d1,0.003630920355346845,-379.0,-0.5591987776366624,h4g3,0.037745754679814225,-390.0,-0.5716699660851172,f1d1,0.050216943128269076,0.3617021276595745,0.3404255319148936,0.8297872340425532,0.0,0.3829787234042553,middle,False,True,True
test,2,48400,3,"[0.500,0.700]",1,r4rk1/p1qn2B1/2bbp1Q1/2pp1p2/5P2/PP2P3/2PN2PP/R4RK1 b - - 0 1,-0.6391093730926514,-0.4921875,0.14692187309265137,128000,-512.0,-0.6928068711409956,0.14692187309265137,0.2006193711409956,0.05369749804834423,0.04010016517900561,0.01637200694255138,44.0,0,0,-0.8564849154724973,0.3642974154724973,0.2173755423798459,-0.6928068711409956,0.2006193711409956,0.05369749804834423,-0.564899552846225,0.07271205284622495,0.07420982024642642,-0.4025318347877246,0.08965566521227541,0.23657753830492678,-468.0,-0.65270670596199,f8f7,0.013597332869338619,-489.0,-0.6723392775532822,f8f7,0.03322990446063079,-512.0,-0.6928068711409956,f8f7,0.05369749804834423,0.2553191489361702,0.2553191489361702,0.14893617021276595,0.0,0.16489361702127658,stable,False,True,True
test,2,4556,3,"[0.500,0.700]",1,4q3/1pk5/1ppn2r1/3p1b2/3P1BpP/P1P3P1/1P4BK/R4Q2 b - - 0 1,-0.5569035410881042,-0.302734375,0.25416916608810425,128000,-287.0,-0.44490784028706626,0.25416916608810425,0.14217346528706626,0.11199570080103799,0.06306959261082995,0.025811143331863757,49.0,1,0,-0.6153583568455542,0.3126239818455542,0.05845481575744993,-0.44490784028706626,0.14217346528706626,0.11199570080103799,-0.3441125253005428,0.041378150300542815,0.21279101578756143,-0.23470847709468398,0.06802589790531602,0.32219506399342024,-336.0,-0.5079774328978962,f5e4,0.04892610819020804,-314.0,-0.48026858828703056,e8f7,0.07663495280107369,-287.0,-0.44490784028706626,e8f7,0.11199570080103799,0.5531914893617021,0.5531914893617021,0.6595744680851063,0.0,0.44148936170212766,middle,False,True,True
test,2,42852,3,"[0.500,0.700]",1,2r2rk1/pp1n2p1/2p1p2p/4q3/Q7/1N4P1/PPP2PB1/2K2R1R b - - 0 1,-0.5926018357276917,-0.275634765625,0.31696707010269165,128000,-488.0,-0.6714249873847628,0.31696707010269165,0.39579022175976275,0.0788231516570711,0.02224758108506486,0.009189720995607218,25.0,2,0,-0.8396541756543753,0.5640194100293753,0.24705233992668363,-0.6714249873847628,0.39579022175976275,0.0788231516570711,-0.5441270988535675,0.26849233322856747,0.04847473687412418,-0.38563872440840596,0.11000395878340596,0.2069631113192857,-497.0,-0.6795800701621949,d7c5,0.08697823443450325,-513.0,-0.6936725684698276,d7b6,0.10107073274213596,-488.0,-0.6714249873847628,c8d8,0.0788231516570711,0.10638297872340426,0.10638297872340426,0.851063829787234,0.0,0.26595744680851063,stable,False,True,True
test,2,30144,4,"[0.700,1.000]",0,5r2/1pp5/3p1N1k/1PP4p/p7/Pq3P2/6PP/B3Q1K1 w - - 0 1,0.8300612568855286,0.79345703125,0.036604225635528564,128000,583.0,0.7494357766606802,0.036604225635528564,0.044021254589319825,0.08062548022484839,0.057496604361292114,0.0269019729857125,72.0,0,0,0.8971659575616286,0.10370892631162865,0.06710470067610008,0.7494357766606802,0.044021254589319825,0.08062548022484839,0.6223000169429661,0.1711570143070339,0.20776123994256246,0.45090315027467054,0.34255388097532946,0.379158106610858,511.0,0.6919391722993881,h2h4,0.1381220845861405,512.0,0.6928068711409956,h2h4,0.13725438574453297,583.0,0.7494357766606802,h2h4,0.08062548022484839,0.5106382978723404,0.5106382978723404,0.10638297872340426,0.0,0.28191489361702127,middle,True,True,True
test,2,31185,4,"[0.700,1.000]",1,r1b2rk1/pp3ppp/2n1p3/7P/1p1PP3/1N4q1/PBnNK1P1/2R2B1R w - - 0 1,-0.7235234379768372,-0.8330078125,0.10948437452316284,128000,-455.0,-0.6400942115152839,0.10948437452316284,0.1929136009847161,0.08342922646155326,0.0901276786166143,0.03943054724888981,84.0,1,0,-0.8135705538363528,0.019437258663647206,0.09004711585951564,-0.6400942115152839,0.1929136009847161,0.08342922646155326,-0.5144406807080799,0.3185671317919201,0.20908275726875725,-0.36198354619174555,0.47102426630825445,0.3615398917850916,-371.0,-0.5499665328986696,c1c2,0.17355690507816757,-440.0,-0.6251004140085175,c1c2,0.0984230239683197,-455.0,-0.6400942115152839,h1h3,0.08342922646155326,0.7446808510638298,0.7659574468085106,0.6595744680851063,0.0,0.5425531914893617,unstable,False,True,True
test,2,31007,4,"[0.700,1.000]",1,5R2/1k4pp/4p3/4B3/4PPK1/2r5/1p4PP/8 b - - 0 1,-0.8016931414604187,-0.60986328125,0.1918298602104187,128000,-527.0,-0.7055833840623383,0.1918298602104187,0.09572010281233834,0.09610975739808036,0.01977432183324379,0.008952489237246937,23.0,1,0,-0.8661608659438628,0.25629758469386277,0.06446772448344407,-0.7055833840623383,0.09572010281233834,0.09610975739808036,-0.5775309419364808,0.0323323393135192,0.2241621995239379,-0.41295345559857766,0.19690982565142234,0.38873968586184104,-525.0,-0.703905603936621,h7h5,0.09778753752379765,-504.0,-0.6858090622290945,h7h5,0.11588407923132416,-527.0,-0.7055833840623383,c3c7,0.09610975739808036,0.14893617021276595,0.14893617021276595,0.6808510638297872,0.0,0.24468085106382978,stable,True,True,True
test,2,11689,4,"[0.700,1.000]",1,7k/6q1/5Qp1/8/p7/2P2PKP/6P1/8 w - - 0 1,0.7494357824325562,0.430419921875,0.31901586055755615,128000,344.0,0.5178030868729363,0.31901586055755615,0.0873831649979363,0.23163269555961985,0.03456470582853677,0.014707506583093749,28.0,0,0,0.6962576726866814,0.2658377508116814,0.05317810974587478,0.5178030868729363,0.0873831649979363,0.23163269555961985,0.405321308689463,0.025098613185537022,0.3441144737430932,0.2790639362144646,0.15135598566053537,0.4703718462180915,351.0,0.5262900314537108,f6h4,0.22314575097884537,323.0,0.491725325625174,f6h4,0.25771045680738214,344.0,0.5178030868729363,f6h4,0.23163269555961985,0.2553191489361702,0.2553191489361702,0.1276595744680851,0.0,0.15957446808510636,stable,True,True,True
test,3,25137,0,"[0.000,0.050]",0,r3rnk1/p2q1p1p/2pbb1pB/1p3p2/3P3P/2PB2N1/PP1QRPP1/4R1K1 b - - 0 1,-0.04829573258757591,-0.061370849609375,0.013075117021799088,128000,-37.0,-0.061588617176587195,0.013075117021799088,0.00021776756721219453,0.013292884589011282,0.031597613937767055,0.014177396814220807,19.0,0,0,-0.09223708209155926,0.030866232482184258,0.043941349503983346,-0.061588617176587195,0.00021776756721219453,0.013292884589011282,-0.04621705097817799,0.015153798631197007,0.00207868160939792,-0.03082356602137364,0.03054728358800136,0.017472166566202273,-18.0,-0.029991003238820143,f7f6,0.01830472934875577,-35.0,-0.05826725814409372,f7f6,0.009971525556517806,-37.0,-0.061588617176587195,f7f6,0.013292884589011282,0.44680851063829785,0.44680851063829785,0.23404255319148937,0.3617021276595745,0.3723404255319149,middle,True,True,True
test,3,17915,0,"[0.000,0.050]",0,rr4k1/3nppbp/b2p1np1/3q4/N1p5/1P3NP1/P1QBPPBP/R4RK1 w - - 0 1,0.008333140052855015,-0.0280914306640625,0.036424570716917515,128000,0.0,0.0,0.036424570716917515,0.0280914306640625,0.008333140052855015,0.0649086127746375,0.026501501697401345,39.0,0,1,0.0,0.0280914306640625,0.008333140052855015,0.0,0.0280914306640625,0.008333140052855015,0.0,0.0280914306640625,0.008333140052855015,0.0,0.0280914306640625,0.008333140052855015,39.0,0.0649086127746375,f3g5,0.05657547272178248,19.0,0.03165608603411248,f3g5,0.023322945981257462,0.0,0.0,f3g5,0.008333140052855015,0.8085106382978723,0.7872340425531915,0.2553191489361702,0.7446808510638298,0.648936170212766,unstable,False,False,False
test,3,395,0,"[0.000,0.050]",2,r2qr1k1/1bp3pp/2nb1p2/p7/Pp1P4/1P1N1PP1/1BPQN2P/R3KR2 b Q - 0 1,-0.03498571366071701,0.2236328125,0.258618526160717,128000,-16.0,-0.026660347476464806,0.258618526160717,0.2502931599764648,0.008325366184252204,0.07495607860090349,0.031022689710086464,45.0,0,2,-0.03997868031116357,0.2636114928111636,0.004992966650446559,-0.026660347476464806,0.2502931599764648,0.008325366184252204,-0.01999733375993093,0.24363014625993093,0.01498837990078608,-0.013332543266059059,0.23696535576605907,0.02165317039465795,29.0,0.04829573112443868,c6e7,0.0832814447851557,0.0,0.0,c6e7,0.03498571366071701,-16.0,-0.026660347476464806,c6e7,0.008325366184252204,0.851063829787234,0.851063829787234,0.2765957446808511,0.9574468085106383,0.7340425531914894,unstable,False,False,True
test,3,37723,1,"[0.050,0.200]",0,3r2k1/ppp3pp/5p2/3n4/3P4/P7/1BP2PPP/4R1K1 b - - 0 1,0.161896213889122,0.1712646484375,0.00936843454837799,128000,90.0,0.14888503362331795,0.00936843454837799,0.022379614814182047,0.013011180265804057,0.026074110878452517,0.010644718182031117,16.0,0,0,0.22127846789844396,0.050013819460943965,0.059382254009321955,0.14888503362331795,0.022379614814182047,0.013011180265804057,0.11202778108923989,0.059236867348260114,0.04986843279988212,0.07485969068749909,0.09640495775000091,0.08703652320162292,98.0,0.16189621029691695,b7b5,3.5922050611869594e-09,82.0,0.13582209941846443,b7b5,0.026074114470657578,90.0,0.14888503362331795,b7b5,0.013011180265804057,0.40425531914893614,0.3617021276595745,0.14893617021276595,0.2765957446808511,0.2978723404255319,stable,False,True,True
test,3,38384,1,"[0.050,0.200]",0,r2qk2r/pp1bBppp/2n1p1n1/3pP3/8/2NB1N2/PP3PPP/R2QR1K1 b kq - 0 1,0.11449570953845978,0.07122802734375,0.04326768219470978,128000,90.0,0.14888503362331795,0.04326768219470978,0.07765700627956795,0.034389324084858175,0.017922014585267987,0.007326404341294767,11.0,0,0,0.22127846789844396,0.15005044055469396,0.10678275835998419,0.14888503362331795,0.07765700627956795,0.034389324084858175,0.11202778108923989,0.040799753745489886,0.0024679284492198916,0.07485969068749909,0.003631663343749092,0.039636018850960686,85.0,0.14072648971223092,d8e7,0.026230780173771145,96.0,0.1586485042974989,d8e7,0.04415279475903913,90.0,0.14888503362331795,d8e7,0.034389324084858175,0.2127659574468085,0.2127659574468085,0.1702127659574468,0.2978723404255319,0.22340425531914893,stable,False,True,True
test,3,34691,1,"[0.050,0.200]",0,5rk1/p2p2pp/1p1pp3/8/3P4/4r2P/PP3NP1/R4K1R b - - 0 1,-0.1161402091383934,-0.0699462890625,0.0461939200758934,128000,-115.0,-0.1893536203402951,0.0461939200758934,0.1194073312777951,0.0732134112019017,0.04350096829755254,0.018092261340314945,27.0,0,0,-0.2798321934754683,0.20988590441296828,0.16369198433707488,-0.1893536203402951,0.1194073312777951,0.0732134112019017,-0.1427679633538647,0.07282167429136471,0.02662775421547131,-0.09554102843578686,0.025594739373286865,0.020599180702606537,-97.0,-0.1602727910625605,f8c8,0.04413258192416711,-124.0,-0.20377375936011305,f8c8,0.08763355022171965,-115.0,-0.1893536203402951,f8c8,0.0732134112019017,0.7021276595744681,0.7021276595744681,0.19148936170212766,0.3191489361702128,0.4787234042553191,middle,False,True,True
test,3,48922,1,"[0.050,0.200]",1,r5k1/pp2r1b1/2p1bp2/6p1/3R4/2N1P1B1/PP3PPR/4K3 w - - 0 1,-0.05328282341361046,-0.10882568359375,0.05554286018013954,128000,-57.0,-0.09471523628617855,0.05554286018013954,0.014110447307571453,0.04143241287256809,0.023068841493407058,0.009700532728532019,14.0,2,0,-0.14154322378898346,0.03271754019523346,0.088260400375373,-0.09471523628617855,0.014110447307571453,0.04143241287256809,-0.07112967596770786,0.03769600762604214,0.017846852554097403,-0.04746430825312217,0.06136137534062783,0.005818515160488286,-61.0,-0.10131782952251743,d4d2,0.04803500610890697,-71.0,-0.1177840777795856,e1d1,0.06450125436597515,-57.0,-0.09471523628617855,d4d2,0.04143241287256809,0.3404255319148936,0.3404255319148936,0.9148936170212766,0.3404255319148936,0.48404255319148937,middle,True,True,True
test,3,48683,1,"[0.050,0.200]",1,1r4k1/p1pbq1pp/1rnppb2/5p2/2PP4/Q1B1P1P1/P2N1PBP/R4RK1 b - - 0 1,-0.06490861624479294,0.0036945343017578125,0.06860315054655075,128000,-37.0,-0.061588617176587195,0.06860315054655075,0.06528315147834501,0.0033199990682057437,0.006644008487399773,0.0028232246176206977,4.0,1,0,-0.09223708209155926,0.09593161639331707,0.02732846584676632,-0.061588617176587195,0.06528315147834501,0.0033199990682057437,-0.04621705097817799,0.049911585279935805,0.018691565266614946,-0.03082356602137364,0.03451810032313145,0.0340850502234193,-33.0,-0.05494460868918742,h7h5,0.009964007555605517,-36.0,-0.059928103529143496,h7h5,0.004980512715649442,-37.0,-0.061588617176587195,e6e5,0.0033199990682057437,0.02127659574468085,0.02127659574468085,0.723404255319149,0.3617021276595745,0.28191489361702127,stable,False,False,True
test,3,2082,1,"[0.050,0.200]",2,rn1q1rk1/ppp3pp/8/3P1p2/3P2b1/3n1N2/PP2Q1PK/RNB1R3 w - - 0 1,-0.14725491404533386,-0.291259765625,0.14400485157966614,128000,-132.0,-0.21651806149302882,0.14400485157966614,0.07474170413197118,0.06926314744769496,0.12015137239218682,0.049180794871725324,74.0,0,0,-0.31852077690277086,0.027261011277770864,0.171265862857437,-0.21651806149302882,0.07474170413197118,0.06926314744769496,-0.1635187536836725,0.1277410119413275,0.016263839638338634,-0.10955847021442953,0.18170129541057045,0.03769644383090433,-58.0,-0.096366689100842,e2e6,0.050888224944491856,-90.0,-0.14888503362331795,e2e6,0.0016301195779840905,-132.0,-0.21651806149302882,e2e6,0.06926314744769496,0.9787234042553191,0.9787234042553191,0.2127659574468085,0.3829787234042553,0.6382978723404255,middle,False,True,True
test,3,1314,1,"[0.050,0.200]",2,6k1/5pp1/7p/4p3/2R1Pq2/1P5P/P2r2P1/4Q1K1 w - - 0 1,0.051620740443468094,-0.277099609375,0.3287203498184681,128000,49.0,0.08148559261788745,0.3287203498184681,0.35858520199288746,0.02986485217441935,0.028202769716919512,0.012040948742493316,17.0,1,0,0.12189090064943241,0.3989905100244324,0.07027016020596431,0.08148559261788745,0.35858520199288746,0.02986485217441935,0.06117352036416194,0.33827312973916196,0.009552779920693845,0.04081065382184176,0.31791026319684174,0.010810086621626337,32.0,0.05328282290096793,a2a4,0.0016620824574998389,45.0,0.07485969068749909,a2a4,0.023238950244030998,49.0,0.08148559261788745,g2g3,0.02986485217441935,0.425531914893617,0.425531914893617,0.7446808510638298,0.40425531914893614,0.5,middle,False,False,True
test,3,37880,2,"[0.200,0.500]",1,1qr3k1/1p1n1p2/p1rP1np1/Q1P1p2p/P7/4BP2/4B1PP/2RR2K1 b - - 0 1,-0.3274773955345154,-0.1788330078125,0.14864438772201538,128000,-226.0,-0.3598091632138393,0.14864438772201538,0.18097615540133932,0.03233176767932394,0.1337808109351684,0.05699371978359177,88.0,0,0,-0.511677798189594,0.332844790377094,0.18420040265507864,-0.3598091632138393,0.18097615540133932,0.03233176767932394,-0.2752173052438501,0.09638429743135007,0.052260090290665306,-0.1861377851291081,0.007304777316608113,0.14133961040540727,-138.0,-0.22602835227867094,d7c5,0.10144904325584445,-204.0,-0.32747739480870536,d7c5,7.258100231943843e-10,-226.0,-0.3598091632138393,d7c5,0.03233176767932394,0.9574468085106383,0.9574468085106383,0.3617021276595745,0.0,0.5691489361702128,unstable,False,True,True
test,3,35688,2,"[0.200,0.500]",1,1qk2r2/1p3p2/p2rpQp1/8/2P5/P6P/5PP1/3R1RK1 w - - 0 1,0.43279707431793213,0.58349609375,0.15069901943206787,128000,213.0,0.34080231961773716,0.15069901943206787,0.24269377413226284,0.09199475470019497,0.013189392859308813,0.005903836266885912,9.0,0,0,0.48728978351252417,0.09620631023747583,0.05449270919459204,0.34080231961773716,0.24269377413226284,0.09199475470019497,0.26013201657003654,0.32336407717996346,0.1726650577478956,0.17565907696502286,0.40783701678497714,0.25713799735290926,221.0,0.35253303678333087,f6e7,0.08026403753460126,222.0,0.35399171247704597,f6e7,0.07880536184088616,213.0,0.34080231961773716,f6e7,0.09199475470019497,0.0851063829787234,0.0851063829787234,0.3829787234042553,0.0,0.13829787234042554,stable,False,True,True
test,3,13938,2,"[0.200,0.500]",1,4k2r/3bbp2/p1pp1p2/q3pP1p/1r2P3/1BNR4/PPPQ2PP/1K1R4 b k - 0 1,-0.4218989908695221,-0.25537109375,0.1665278971195221,128000,-242.0,-0.3827974733626647,0.1665278971195221,0.12742637961266468,0.03910151750685742,0.057745007968273365,0.024062407152081963,41.0,1,0,-0.5405978980932037,0.2852268043432037,0.1186989072236816,-0.3827974733626647,0.12742637961266468,0.03910151750685742,-0.2935987851159713,0.03822769136597132,0.12830020575355078,-0.19897653031498871,0.056394563435011286,0.22292246055453338,-270.0,-0.4218990052500079,b4b7,1.4380485802156784e-08,-229.0,-0.36415399728173453,a5c5,0.05774499358778756,-242.0,-0.3827974733626647,a5c5,0.03910151750685742,0.6595744680851063,0.6595744680851063,0.7872340425531915,0.0,0.526595744680851,unstable,False,True,True
test,3,46698,3,"[0.500,0.700]",2,1r1qr1k1/p4p2/5p1p/1bp4Q/2Pp4/1R6/P1P2PPP/5RK1 w - - 0 1,0.658409059047699,-0.03399658203125,0.692405641078949,128000,417.0,0.601184486302663,0.692405641078949,0.635181068333913,0.057224572745036006,0.09248808216716464,0.038199249467249376,96.0,0,0,0.7788733737673915,0.8128699557986415,0.12046431471969254,0.601184486302663,0.635181068333913,0.057224572745036006,0.4786641893050029,0.5126607713362529,0.1797448697426961,0.3341565541912505,0.3681531362225005,0.32425250485644846,513.0,0.6936725684698276,h5h6,0.035263509422128636,450.0,0.6351489523872873,h5h6,0.023260106660411672,417.0,0.601184486302663,h5h6,0.057224572745036006,0.8085106382978723,0.7659574468085106,0.1702127659574468,0.0,0.4361702127659574,middle,False,False,True
test,3,38712,4,"[0.700,1.000]",0,r1b3k1/pp1prppp/5qn1/3Q1PB1/8/1B6/PP4PP/R3R2K b - - 0 1,-0.845930278301239,-0.80859375,0.037336528301239014,128000,-616.0,-0.7725680008833548,0.037336528301239014,0.036025749116645245,0.07336227741788426,0.14143885193549144,0.060302801603018354,189.0,2,0,-0.9121203692077173,0.10352661920771733,0.06619009090647832,-0.7725680008833548,0.036025749116645245,0.07336227741788426,-0.6469294504417665,0.16166429955823347,0.19900082785947248,-0.47253829897924615,0.33605545102075385,0.37339197932199286,-481.0,-0.6649674979566038,f6g5,0.1809627803446352,-670.0,-0.8064063498920953,g6f4,0.03952392840914376,-616.0,-0.7725680008833548,f6g5,0.07336227741788426,0.8936170212765957,0.8936170212765957,0.9148936170212766,0.0,0.675531914893617,unstable,True,True,True
test,3,45960,4,"[0.700,1.000]",0,8/p2r2pk/8/R4KPP/P7/8/8/8 w - - 0 1,0.7013741135597229,0.74853515625,0.0471610426902771,128000,271.0,0.42326804337162593,0.0471610426902771,0.32526711287837407,0.27810607018809697,0.08689249903529372,0.03724935607416142,61.0,0,0,0.5898917298212702,0.15864342642872975,0.11148238373845265,0.42326804337162593,0.32526711287837407,0.27810607018809697,0.32636099019871284,0.42217416605128716,0.37501312336101006,0.22207085146687394,0.5264643047831261,0.47930326209284896,257.0,0.40392751069209876,f5e6,0.29744660286762414,210.0,0.3363755443363322,f5e6,0.3649985692233907,271.0,0.42326804337162593,f5e6,0.27810607018809697,0.723404255319149,0.723404255319149,0.14893617021276595,0.0,0.39893617021276595,middle,False,True,True
test,3,4502,4,"[0.700,1.000]",0,8/4k3/8/3K4/2p1R3/2P5/r5P1/8 b - - 0 1,-0.7508932948112488,-0.8388671875,0.08797389268875122,128000,-439.0,-0.6240839401653192,0.08797389268875122,0.2147832473346808,0.12680935464592957,0.05466222811729271,0.02241333432060742,51.0,1,0,-0.7995992196179785,0.03926796788202147,0.04870592480672975,-0.6240839401653192,0.2147832473346808,0.12680935464592957,-0.4995827757740295,0.3392844117259705,0.2513105190372193,-0.3503418090029868,0.4885253784970132,0.400551485808262,-388.0,-0.5694217120480265,e7d7,0.18147158276322228,-417.0,-0.601184486302663,e7d7,0.1497088085085858,-439.0,-0.6240839401653192,e7f6,0.12680935464592957,0.44680851063829785,0.40425531914893614,0.7021276595744681,0.0,0.3882978723404255,middle,False,True,True
test,3,2349,4,"[0.700,1.000]",1,3r1rk1/ppp1bppp/5n2/4n1B1/3N4/7P/PPP1BPP1/1R1QR1K1 w - - 0 1,0.8440235257148743,0.96142578125,0.11740225553512573,128000,699.0,0.8226626734905335,0.11740225553512573,0.13876310775946654,0.02136085222434081,0.024254056254475964,0.010069059269823337,46.0,0,0,0.941090337649905,0.020335443600094982,0.09706681193503075,0.8226626734905335,0.13876310775946654,0.02136085222434081,0.7032744027568788,0.2581513784931212,0.14074912295799547,0.5244801068542184,0.4369456743957816,0.31954341886065585,684.0,0.814414093765686,c2c3,0.029609431949188303,730.0,0.8386681500201619,c2c3,0.005355375694712339,699.0,0.8226626734905335,c2c3,0.02136085222434081,0.1702127659574468,0.1702127659574468,0.1702127659574468,0.0,0.1276595744680851,stable,False,True,True
test,3,1682,4,"[0.700,1.000]",1,r4rk1/ppp2ppp/3b4/6B1/2BP1P2/2P2p1q/PP3P2/RN1Q2K1 w - - 0 1,-0.7487043142318726,-0.53955078125,0.20915353298187256,128000,-476.0,-0.6602932189044453,0.20915353298187256,0.12074243765444526,0.0884110953274273,0.012368659312695485,0.005622403936056683,13.0,0,0,-0.8305788685385284,0.29102808728852836,0.0818745543066558,-0.6602932189044453,0.12074243765444526,0.0884110953274273,-0.5334821284570855,0.006068652792914464,0.21522218577478702,-0.37709322676595913,0.16245755448404087,0.3716110874659134,-477.0,-0.6612322061319625,c4f1,0.08747210809991002,-464.0,-0.6488635468192671,c4f1,0.0998407674126055,-476.0,-0.6602932189044453,c4f1,0.0884110953274273,0.10638297872340426,0.10638297872340426,0.19148936170212766,0.0,0.10106382978723405,stable,False,True,True
test,3,10438,4,"[0.700,1.000]",2,8/pp3p1p/4p2P/1P6/4k1p1/P3P1P1/5PK1/3q4 b - - 0 1,1.0,0.583984375,0.416015625,128000,1200.0,0.9640275800758169,0.416015625,0.3800432050758169,0.0359724199241831,0.0,0.0,0.0,1,0,0.9950547536867305,0.41107037868673046,0.004945246313269536,0.9640275800758169,0.3800432050758169,0.0359724199241831,0.9051482536448665,0.3211638786448665,0.09485174635513349,0.7615941559557649,0.17760978095576485,0.23840584404423515,1200.0,0.9640275800758169,d1f3,0.0359724199241831,1200.0,0.9640275800758169,d1f3,0.0359724199241831,1200.0,0.9640275800758169,e4d3,0.0359724199241831,0.0,0.0,0.723404255319149,0.0,0.18085106382978725,stable,False,True,True
test,4,26493,0,"[0.000,0.050]",0,r3k2r/pp1q1pb1/2np2p1/3Np2n/4P3/4BQN1/PPP2P1P/R3K2R b KQkq - 0 1,-0.021663276478648186,-0.02508544921875,0.0034221727401018143,128000,6.0,0.00999966667999946,0.0034221727401018143,0.035085115898749464,0.03166294315864765,0.0366609303429167,0.01690303438987842,22.0,0,1,0.01499887510124078,0.04008432431999078,0.03666215157988897,0.00999966667999946,0.035085115898749464,0.03166294315864765,0.00749985937816399,0.03258530859691399,0.029163135856812177,0.004999958333749996,0.030085407552499995,0.02666323481239818,-15.0,-0.02499479296842069,h5f4,0.0033315164897725034,7.0,0.011666137374496012,h5f4,0.033329413853144196,6.0,0.00999966667999946,h5f4,0.03166294315864765,0.5106382978723404,0.5319148936170213,0.2978723404255319,0.7659574468085106,0.526595744680851,middle,False,False,False
test,4,25528,0,"[0.000,0.050]",0,6nk/6p1/p6p/1pQ5/1P2qP1B/7P/6P1/6K1 w - - 0 1,0.0,0.0082855224609375,0.0082855224609375,128000,0.0,0.0,0.0082855224609375,0.0082855224609375,0.0,0.004999958333749996,0.002357002962296542,3.0,0,1,0.0,0.0082855224609375,0.0,0.0,0.0082855224609375,0.0,0.0,0.0082855224609375,0.0,0.0,0.0082855224609375,0.0,3.0,0.004999958333749996,c5d6,0.004999958333749996,0.0,0.0,c5d6,0.0,0.0,0.0,c5d6,0.0,0.14893617021276595,0.14893617021276595,0.3191489361702128,0.7872340425531915,0.35106382978723405,stable,False,False,True
test,4,21025,0,"[0.000,0.050]",1,r2r2k1/pb2b1pp/8/2p5/4p1N1/4B2P/PP3PP1/R2R2K1 b - - 0 1,-0.0,0.09326171875,0.09326171875,128000,2.0,0.0033333209877091908,0.09326171875,0.08992839776229081,0.0033333209877091908,0.006666345692290269,0.003142545496501453,4.0,2,0,0.004999958333749996,0.08826176041625,0.004999958333749996,0.0033333209877091908,0.08992839776229081,0.0033333209877091908,0.0024999947916796877,0.09076172395832031,0.0024999947916796877,0.001666665123458505,0.0915950536265415,0.001666665123458505,6.0,0.00999966667999946,b7d5,0.00999966667999946,2.0,0.0033333209877091908,g8f7,0.0033333209877091908,2.0,0.0033333209877091908,d8d5,0.0033333209877091908,0.1702127659574468,0.1702127659574468,0.9148936170212766,0.3829787234042553,0.40957446808510634,middle,False,True,False
test,4,32603,0,"[0.000,0.050]",2,6k1/p1p3p1/2p4p/8/P5P1/1P1P3P/2r2PK1/5R2 b - - 0 1,-0.03997867926955223,-0.1986083984375,0.15862971916794777,128000,-30.0,-0.04995837495787997,0.15862971916794777,0.14865002347962003,0.009979695688327739,0.0166218732953431,0.006830757149029903,10.0,0,0,-0.07485969068749909,0.12374870775000091,0.03488101141794686,-0.04995837495787997,0.14865002347962003,0.009979695688327739,-0.03748243175707048,0.16112596668042953,0.0024962475124817515,-0.02499479296842069,0.1736136054690793,0.014983886301131542,-36.0,-0.059928103529143496,c2c3,0.019949424259591265,-26.0,-0.0433062302338004,c2c3,0.003327550964248166,-30.0,-0.04995837495787997,c2c3,0.009979695688327739,0.2765957446808511,0.2765957446808511,0.3404255319148936,0.40425531914893614,0.324468085106383,stable,False,True,True
test,4,26830,0,"[0.000,0.050]",2,3r4/ppr2pkp/1q2npp1/3P4/8/1BQ4P/PP3PP1/3RR1K1 w - - 0 1,-0.016665123403072357,0.155029296875,0.17169442027807236,128000,-26.0,-0.0433062302338004,0.17169442027807236,0.1983355271088004,0.02664110683072804,0.0666353299212241,0.027248796351848847,40.0,1,1,-0.0649086127746375,0.2199379096496375,0.04824348937156514,-0.0433062302338004,0.1983355271088004,0.02664110683072804,-0.032488562124144915,0.18751785899914492,0.015823438721072558,-0.02166327687109476,0.17669257374609476,0.004998153468022404,14.0,0.023329099687423707,c3g3,0.039994223090496064,-4.0,-0.0066665679029903665,c3g3,0.00999855550008199,-26.0,-0.0433062302338004,b3c4,0.02664110683072804,0.8297872340425532,0.8297872340425532,0.7659574468085106,0.8085106382978723,0.8085106382978724,unstable,False,False,True
test,4,5735,0,"[0.000,0.050]",2,5r2/P6R/1k6/5p1p/5Pp1/4K1P1/8/8 b - - 0 1,-0.0,-0.474365234375,0.474365234375,128000,-9.0,-0.01499887510124078,0.474365234375,0.45936635927375924,0.01499887510124078,0.05820328360594066,0.026686535340984828,35.0,0,0,-0.022496203893709668,0.45186903048129035,0.022496203893709668,-0.01499887510124078,0.45936635927375924,0.01499887510124078,-0.011249525414650869,0.46311570896034915,0.011249525414650869,-0.00749985937816399,0.466865374996836,0.00749985937816399,-44.0,-0.07320215870718144,f8a8,0.07320215870718144,-11.0,-0.01833127959710064,f8a8,0.01833127959710064,-9.0,-0.01499887510124078,f8a8,0.01499887510124078,0.7659574468085106,0.8085106382978723,0.3617021276595745,0.425531914893617,0.5904255319148936,middle,False,True,False
test,4,12605,1,"[0.050,0.200]",0,r2q1bk1/1p3p1p/p4pb1/3p4/P2N4/1P4P1/2P2PBP/2R1Q1K1 w - - 0 1,0.15539735555648804,0.1572265625,0.0018292069435119629,128000,80.0,0.13254878839087839,0.0018292069435119629,0.024677774109121614,0.02284856716560965,0.04714541140080222,0.01954700160136837,29.0,1,0,0.197375320224904,0.040148757724904005,0.04197796466841597,0.13254878839087839,0.024677774109121614,0.02284856716560965,0.09966799462495582,0.05755856787504418,0.05572936093153222,0.06656807650226257,0.09065848599773743,0.08882927905422547,90.0,0.14888503362331795,c1d1,0.006512321933170084,109.0,0.1796941997916806,e1d2,0.024296844235192572,80.0,0.13254878839087839,e1d2,0.02284856716560965,0.7446808510638298,0.7446808510638298,0.7659574468085106,0.425531914893617,0.6702127659574468,unstable,False,True,True
test,4,32588,1,"[0.050,0.200]",0,3r1rk1/bp3pp1/p1n4p/8/8/2PRPN1P/qP2QNP1/3R2K1 b - - 0 1,0.15377052128314972,0.17578125,0.02201072871685028,128000,83.0,0.1374576482601213,0.02201072871685028,0.0383236017398787,0.016312873023028418,0.040623219857208875,0.016933321444087848,25.0,0,0,0.2045723537772613,0.028791103777261295,0.050801832494111576,0.1374576482601213,0.0383236017398787,0.016312873023028418,0.10337933868540024,0.07240191131459976,0.05039118259774948,0.06905657890881525,0.10672467109118475,0.08471394237433447,108.0,0.17808086811733018,d8d3,0.024310346834180457,91.0,0.15051434989128484,d8d3,0.003256171391864876,83.0,0.1374576482601213,d8d3,0.016312873023028418,0.6808510638297872,0.6595744680851063,0.23404255319148937,0.44680851063829785,0.5053191489361702,middle,False,True,True
test,4,46240,1,"[0.050,0.200]",0,r1bq1rk1/pp2b1pp/1n2pp2/3pP3/3P3P/1P1Q1N2/P4PP1/RNB2RK1 w - - 0 1,0.07982976734638214,0.048248291015625,0.03158147633075714,128000,64.0,0.10626395613790249,0.03158147633075714,0.05801566512227749,0.026434188791520347,0.059346629683696944,0.024280758982121748,36.0,0,0,0.1586485042974989,0.11040021328187391,0.07881873695111677,0.10626395613790249,0.05801566512227749,0.026434188791520347,0.07982976911113136,0.03158147809550636,1.7647492217554017e-09,0.05328282290096793,0.005034531885342933,0.02654694444541421,80.0,0.13254878839087839,e5f6,0.052719021044496245,44.0,0.07320215870718144,e5f6,0.006627608639200699,64.0,0.10626395613790249,e5f6,0.026434188791520347,0.7872340425531915,0.7872340425531915,0.2553191489361702,0.46808510638297873,0.574468085106383,middle,False,True,True
test,4,19555,1,"[0.050,0.200]",1,r2q1rk1/pp3ppp/2n1p2n/2bpP3/3N1P2/2P1B3/PP4PP/RN1Q1RK1 b - - 0 1,0.16838105022907257,0.10528564453125,0.06309540569782257,128000,126.0,0.20696649972945258,0.06309540569782257,0.10168085519820258,0.03858544950038001,0.03373134189479249,0.015538631444551098,21.0,0,0,0.30497892438548896,0.19969327985423896,0.1365978741564164,0.20696649972945258,0.10168085519820258,0.03858544950038001,0.15621046576861825,0.050924821237368245,0.012170584460454326,0.10461581914865054,0.0006698253825994649,0.06376523108042204,125.0,0.20537067595698338,d8b6,0.03698962572791081,105.0,0.1732351578346601,d8b6,0.004854107605587521,126.0,0.20696649972945258,d8b6,0.03858544950038001,0.48936170212765956,0.5319148936170213,0.2765957446808511,0.48936170212765956,0.44680851063829785,middle,False,True,True
test,4,18550,1,"[0.050,0.200]",1,r2qkb1r/pp3ppp/2n1p3/1N6/5Q2/8/PP1P1PPP/R1B2RK1 b kq - 0 1,0.08645033091306686,0.163818359375,0.07736802846193314,128000,57.0,0.09471523628617855,0.07736802846193314,0.06910312308882145,0.008264905373111683,0.03478713275703505,0.014627973750630205,21.0,1,0,0.14154322378898346,0.022275135586016542,0.055092892875916594,0.09471523628617855,0.06910312308882145,0.008264905373111683,0.07112967596770786,0.09268868340729214,0.015320654945359002,0.04746430825312217,0.11635405112187783,0.03898602265994469,36.0,0.059928103529143496,a8c8,0.026522227383923368,42.0,0.069885890316429,e6e5,0.016564440596637864,57.0,0.09471523628617855,e6e5,0.008264905373111683,0.5106382978723404,0.5106382978723404,0.7872340425531915,0.5106382978723404,0.5797872340425532,middle,False,True,True
test,4,34918,1,"[0.050,0.200]",1,2kr2r1/pppqbp1p/7p/3P1b2/2QP4/2N5/P4PPP/2R1NR1K b - - 0 1,0.14235976338386536,0.0645751953125,0.07778456807136536,128000,68.0,0.1128505788988202,0.07778456807136536,0.048275383586320206,0.02950918448504515,0.019773522647064584,0.008650834930980516,12.0,0,0,0.1683810458708147,0.1038058505583147,0.02602128248694935,0.1128505788988202,0.048275383586320206,0.02950918448504515,0.08479588154870199,0.02022068623620199,0.057563881835163366,0.0566060901516576,0.007969105160842399,0.08575367323220776,58.0,0.096366689100842,e7d6,0.04599307428302335,70.0,0.11614021174790659,e7d6,0.026219551635958765,68.0,0.1128505788988202,e7d6,0.02950918448504515,0.2978723404255319,0.2978723404255319,0.2978723404255319,0.5319148936170213,0.35638297872340424,stable,False,True,True
test,4,17429,1,"[0.050,0.200]",1,r2qkb1r/p2bnppp/4p3/2PpP3/8/4B3/PP3PPP/RN1QK1NR w KQkq - 0 1,-0.10791151225566864,-0.0187530517578125,0.08915846049785614,128000,-80.0,-0.13254878839087839,0.08915846049785614,0.11379573663306589,0.024637276135209746,0.0842530572664397,0.037910615842116184,51.0,2,0,-0.197375320224904,0.1786222684670915,0.08946380796923536,-0.13254878839087839,0.11379573663306589,0.024637276135209746,-0.09966799462495582,0.08091494286714332,0.008243517630712821,-0.06656807650226257,0.04781502474445007,0.04134343575340607,-29.0,-0.04829573112443868,e3d4,0.05961578113122996,-34.0,-0.0566060901516576,g1f3,0.05130542210401104,-80.0,-0.13254878839087839,d1c2,0.024637276135209746,0.9361702127659575,0.9361702127659575,0.9361702127659575,0.5531914893617021,0.8404255319148937,unstable,False,True,True
test,4,3918,1,"[0.050,0.200]",1,rn2k2r/1p3pp1/2p1p3/p3P2p/PbqP4/5Q2/4NPP1/1RB2RK1 w kq - 0 1,-0.06988588720560074,-0.1763916015625,0.10650571435689926,128000,-34.0,-0.0566060901516576,0.10650571435689926,0.1197855114108424,0.013279797053943138,0.06774691161993861,0.031936200407269535,41.0,0,0,-0.08479588154870199,0.09159572001379801,0.014909994343101252,-0.0566060901516576,0.1197855114108424,0.013279797053943138,-0.04247442993254818,0.13391717162995181,0.02741145727305256,-0.0283257539770161,0.1480658475854839,0.041560133228584636,-75.0,-0.12435300177159621,e2g3,0.05446711456599547,-75.0,-0.12435300177159621,e2g3,0.05446711456599547,-34.0,-0.0566060901516576,e2g3,0.013279797053943138,0.8936170212765957,0.9148936170212766,0.3191489361702128,0.574468085106383,0.675531914893617,unstable,False,True,True
test,4,8461,1,"[0.050,0.200]",1,r1b2rk1/1p2qpbp/p4np1/2n5/P1B1p3/Q1N1P1B1/1P1N1PPP/R4RK1 b - - 0 1,-0.15377052128314972,-0.044952392578125,0.10881812870502472,128000,-119.0,-0.19577305632462053,0.10881812870502472,0.15082066374649553,0.042002535041470807,0.06813963869806444,0.02781803975093147,42.0,0,0,-0.2890231074125892,0.2440707148344642,0.13525258612943947,-0.19577305632462053,0.15082066374649553,0.042002535041470807,-0.1476625151832187,0.10271012260509371,0.006108006099931007,-0.09884287104157305,0.05389047846344805,0.05492765024157667,-98.0,-0.16189621029691695,f8e8,0.008125689013767229,-77.0,-0.12763341762655608,f8e8,0.026137103656593635,-119.0,-0.19577305632462053,f8e8,0.042002535041470807,0.9148936170212766,0.8936170212765957,0.3404255319148936,0.5957446808510638,0.6861702127659575,unstable,False,True,True
test,4,14246,1,"[0.050,0.200]",2,r3r1k1/pp1q1p1p/6p1/3p1pbn/3P4/1QP2P1P/PP4PB/R3RNK1 w - - 0 1,-0.09141077846288681,0.045684814453125,0.1370955929160118,128000,-71.0,-0.1177840777795856,0.1370955929160118,0.1634688922327106,0.026373299316698795,0.009853342376894475,0.004310016156054597,6.0,0,0,-0.17565907696502286,0.22134389141814786,0.08424829850213605,-0.1177840777795856,0.1634688922327106,0.026373299316698795,-0.0885177168357463,0.1342025312888713,0.0028930616271405085,-0.05909772173335015,0.10478253618647515,0.03231305672953666,-76.0,-0.12599355412480107,e1e5,0.034582775661914256,-70.0,-0.11614021174790659,e1e5,0.02472943328501978,-71.0,-0.1177840777795856,e1e5,0.026373299316698795,0.06382978723404255,0.06382978723404255,0.3617021276595745,0.6170212765957447,0.2765957446808511,stable,False,False,True
test,4,44643,1,"[0.050,0.200]",2,r3r3/ppp2kpp/2n1bn2/8/4P3/P4P2/1B1N2PP/2R1K1NR b K - 0 1,-0.07982976734638214,0.07989501953125,0.15972478687763214,128000,-46.0,-0.07651680911202627,0.15972478687763214,0.15641182864327627,0.0033129582343558728,0.06094083914809503,0.02511710614212696,37.0,2,0,-0.11449570919711116,0.19439072872836116,0.03466594185072902,-0.07651680911202627,0.15641182864327627,0.0033129582343558728,-0.05743671390287926,0.13733173343412924,0.022393053443502883,-0.038314568128458674,0.11820958765970868,0.04151519921792347,-60.0,-0.09966799462495582,e8d8,0.019838227278573678,-83.0,-0.1374576482601213,f6d7,0.05762788091373916,-46.0,-0.07651680911202627,f7g8,0.0033129582343558728,0.8085106382978723,0.8085106382978723,0.9574468085106383,0.6382978723404256,0.803191489361702,unstable,False,False,True
test,4,34803,1,"[0.050,0.200]",2,2rk1b1r/pp4pp/5q2/3pp2b/B2p1nQP/3P4/PPP2PP1/RNBK3R w - - 0 1,-0.17000000178813934,-0.48193359375,0.31193359196186066,128000,-125.0,-0.20537067595698338,0.31193359196186066,0.2765629177930166,0.03537067416884404,0.046722171659484474,0.019163946763910086,29.0,0,0,-0.3027097293321085,0.1792238644178915,0.13270972754396915,-0.20537067595698338,0.2765629177930166,0.03537067416884404,-0.1549907303716235,0.3269428633783765,0.01500927141651584,-0.10379153453646235,0.37814205921353766,0.06620846725167699,-96.0,-0.1586485042974989,g4h5,0.011351497490640433,-108.0,-0.17808086811733018,g4h5,0.008080866329190833,-125.0,-0.20537067595698338,g4h5,0.03537067416884404,0.723404255319149,0.723404255319149,0.3829787234042553,0.6595744680851063,0.6223404255319149,middle,False,True,True
test,4,11879,2,"[0.200,0.500]",0,r3kr2/pppq2pp/2n2n2/4p3/8/3P4/PPP2PPP/RNBQ1RK1 w q - 0 1,0.2085612267255783,0.14990234375,0.05865888297557831,128000,97.0,0.1602727910625605,0.05865888297557831,0.01037044731256051,0.0482884356630178,0.07049472171980381,0.02954903790329107,44.0,2,0,0.23785570960038063,0.08795336585038063,0.029294482874802324,0.1602727910625605,0.01037044731256051,0.0482884356630178,0.12065928537710655,0.029243058372893455,0.08790194134847176,0.08065773651240324,0.06924460723759676,0.12790349021317507,141.0,0.23076751278236432,b1c3,0.022206286056786012,110.0,0.18130656540177167,c1e3,0.027254661323806634,97.0,0.1602727910625605,b1c3,0.0482884356630178,0.8085106382978723,0.7872340425531915,0.9361702127659575,0.0,0.6329787234042553,unstable,True,True,True
test,4,32299,2,"[0.200,0.500]",1,3r1n2/1bp1r1k1/pp1qnp1p/3p2p1/1P1P4/2NNP1P1/PQ3PBP/2RR2K1 w - - 0 1,0.24648471176624298,0.11590576171875,0.13057895004749298,128000,191.0,0.30799913571578846,0.13057895004749298,0.19209337399703846,0.06151442394954548,0.036637293681461236,0.014972111273591967,24.0,0,0,0.44423921169871444,0.32833344997996444,0.19775449993247146,0.30799913571578846,0.19209337399703846,0.06151442394954548,0.23431472530594444,0.11840896358719444,0.012169986460298543,0.15783603819505634,0.041930276476306344,0.08864867357118664,167.0,0.2713618420343272,a2a4,0.024877130268084247,178.0,0.2882592022313934,a2a4,0.041774490465150416,191.0,0.30799913571578846,a2a4,0.06151442394954548,0.48936170212765956,0.46808510638297873,0.40425531914893614,0.0,0.3404255319148936,middle,False,True,True
test,4,31407,2,"[0.200,0.500]",2,rnbqk2r/pppp1ppp/5n2/8/2B1P3/1QB5/P4PPP/R3K1NR b KQkq - 0 1,0.2867302894592285,-0.0166015625,0.3033318519592285,128000,175.0,0.2836680901774621,0.3033318519592285,0.3002696526774621,0.003062199281766431,0.027814329774334456,0.011717786137627207,18.0,0,0,0.41157005567402244,0.42817161817402244,0.12483976621479392,0.2836680901774621,0.3002696526774621,0.003062199281766431,0.21532633966578324,0.23192790216578324,0.07140394979344528,0.1448082229540427,0.1614097854540427,0.14192206650518582,157.0,0.25585376040312763,e8g8,0.030876529056100888,162.0,0.26362483547220333,e8g8,0.023105453987025182,175.0,0.2836680901774621,e8g8,0.003062199281766431,0.2978723404255319,0.2553191489361702,0.425531914893617,0.0,0.24468085106382975,stable,False,False,True
test,4,25541,2,"[0.200,0.500]",2,r2qkb1r/1p3ppp/4pn2/p2p2BB/P2P4/1Q6/1P3PPP/R3R1K1 b kq - 0 1,-0.45949164032936096,-0.01468658447265625,0.4448050558567047,128000,-213.0,-0.34080231961773716,0.4448050558567047,0.3261157351450809,0.1186893207116238,0.1370285602576241,0.06149672251206479,89.0,1,0,-0.48728978351252417,0.4726031990398679,0.027798143183163204,-0.34080231961773716,0.3261157351450809,0.1186893207116238,-0.26013201657003654,0.2454454320973803,0.19935962375932442,-0.17565907696502286,0.16097249249236661,0.2838325633643381,-124.0,-0.20377375936011305,f8e7,0.2557178809692479,-133.0,-0.2181060202015403,d8d7,0.24138562012782067,-213.0,-0.34080231961773716,d8d7,0.1186893207116238,0.9787234042553191,0.9787234042553191,0.8085106382978723,0.0,0.6914893617021276,unstable,False,True,True
test,4,35665,3,"[0.500,0.700]",1,rn2k2r/4p1b1/p1ppBnN1/8/Pp1q3p/5Q2/1PP3PP/R1B1K2R w KQkq - 0 1,0.5370495915412903,0.2384033203125,0.2986462712287903,128000,270.0,0.4218990052500079,0.2986462712287903,0.1834956849375079,0.11515058629128239,0.03170675125695083,0.013281685839623102,23.0,0,0,0.5882592563981054,0.3498559360856054,0.05120966485681511,0.4218990052500079,0.1834956849375079,0.11515058629128239,0.32524367434016505,0.08684035402766505,0.21180591720112524,0.22127846789844396,0.017124852414056035,0.3157711236428463,254.0,0.39973486517588985,g6h8,0.13731472636540043,277.0,0.4314416164328407,g6h8,0.1056079751084496,270.0,0.4218990052500079,g6h8,0.11515058629128239,0.2127659574468085,0.19148936170212766,0.19148936170212766,0.0,0.14893617021276595,stable,False,True,True
