index,fen,target_y,teacher_pred,teacher_abs_err,search_static_score,proxy_final_score,proxy_abs_final_score,proxy_vol_range,proxy_vol_std,proxy_static_gap,proxy_sign_flips,proxy_best_move_changes,search_score_d1,best_move_d1,search_score_d2,best_move_d2,search_score_d3,best_move_d3,search_score_d4,best_move_d4
175,r1b2rk1/pp2nppp/1bn5/1N1p4/6q1/P2B1N2/3B1PPP/R1Q1R1K1 w - - 0 1,-0.1635187566280365,-0.1136474609375,0.0498712956905365,-0.05128205128205128,-0.05128205128205128,0.05128205128205128,0.0,0.0,0.0,0,0,-0.05128205128205128,b5d6,-0.05128205128205128,b5d6,-0.05128205128205128,b5d6,-0.05128205128205128,b5d6
420,r4k2/pp1b1p1Q/3qp1n1/6P1/4P3/1B6/P1P5/1K5R w - - 0 1,0.06988588720560074,0.30029296875,0.23040708154439926,-0.07692307692307693,-0.07692307692307693,0.07692307692307693,0.0,0.0,0.0,0,1,-0.07692307692307693,h1d1,-0.07692307692307693,h1d1,-0.07692307692307693,h1g1,-0.07692307692307693,h1g1
736,4n1k1/pp4Bp/2p1p1p1/8/2P5/1P2Pp2/P2r1PPP/1R3K2 w - - 0 1,0.021663276478648186,-0.22509765625,0.24676093272864819,0.0,0.0,0.0,0.0,0.0,0.0,0,1,0.0,b1b2,0.0,b1b2,0.0,g7b2,0.0,g7b2
753,8/5k1p/8/p2r1prP/Np2p1P1/1P2R3/4KN2/8 w - - 0 1,-0.08810430020093918,-0.035247802734375,0.05285649746656418,-0.02564102564102564,-0.02564102564102564,0.02564102564102564,0.0,0.0,0.0,0,0,-0.02564102564102564,g4f5,-0.02564102564102564,g4f5,-0.02564102564102564,g4f5,-0.02564102564102564,g4f5
781,r5k1/1pp2rpp/1nn1pp2/8/p2Pb1P1/P1B1P2P/1P3P1N/2R1KBR1 b q - 0 1,-0.00999966636300087,-0.03173828125,0.02173861488699913,-0.0,-0.0,0.0,0.0,0.0,0.0,0,0,-0.0,g8h8,-0.0,g8h8,-0.0,g8h8,-0.0,g8h8
822,r7/p1r1pk2/1p1p1p2/3Pb1p1/1PP2n1p/P3BP1P/3R1KP1/2R2B2 w - - 0 1,-0.05328282341361046,-0.0242919921875,0.02899083122611046,0.0,0.0,0.0,0.0,0.0,0.0,0,1,0.0,e3f4,0.0,e3f4,0.0,c1c2,0.0,c1c2
1270,rq3rk1/1b3pp1/p3p2p/1pb1n2n/4P2B/2N2N2/PP2QPPP/1B1R1RK1 w - - 0 1,-0.059928104281425476,0.050323486328125,0.11025159060955048,0.0,0.0,0.0,0.0,0.0,0.0,0,0,0.0,f3e5,0.0,f3e5,0.0,f3e5,0.0,f3e5
1645,8/1p2k3/p1b1r3/P4ppp/1PPR4/1N2P3/5KP1/8 w - - 0 1,0.0,-0.022003173828125,0.022003173828125,0.0,0.0,0.0,0.0,0.0,0.0,0,0,0.0,b3c5,0.0,b3c5,0.0,b3c5,0.0,b3c5
2709,3r1rk1/3n1pn1/p3p1pp/1p2P3/3bNP1q/P4Q2/1P2BP1P/R1B2R1K w - - 0 1,0.031656086444854736,0.1842041015625,0.15254801511764526,0.0,0.0,0.0,0.0,0.0,0.0,0,0,0.0,f1g1,0.0,f1g1,0.0,f1g1,0.0,f1g1
3604,r4rk1/pb1nqppp/1p2pn2/8/PbN5/2B2NP1/2Q1PPBP/R2R2K1 w - - 0 1,0.1586485058069229,0.16552734375,0.006878837943077087,-0.02564102564102564,-0.02564102564102564,0.02564102564102564,0.0,0.0,0.0,0,0,-0.02564102564102564,c3b4,-0.02564102564102564,c3b4,-0.02564102564102564,c3b4,-0.02564102564102564,c3b4
3893,3r4/1p3pkp/p1q3p1/2p5/3r4/1PQ3P1/PR1PRPKP/8 w - - 0 1,-0.11942730098962784,-0.120361328125,0.0009340271353721619,0.0,0.0,0.0,0.0,0.0,0.0,0,0,0.0,g2h3,0.0,g2h3,0.0,g2h3,0.0,g2h3
4042,3r1bk1/1p1n3p/p1p2pp1/3p1b2/3P1B2/1NP2B2/PP2RPPP/6K1 b - - 0 1,-0.036650244146585464,-0.02978515625,0.0068650878965854645,-0.0,-0.0,0.0,0.0,0.0,0.0,0,1,-0.0,g8h8,-0.0,g8h8,-0.0,f5d3,-0.0,f5d3
6404,8/5p2/2p2k1p/1pPp3P/3P1KP1/3R4/8/r7 w - - 0 1,-0.021663276478648186,-0.145263671875,0.12360039539635181,-0.02564102564102564,-0.02564102564102564,0.02564102564102564,0.0,0.0,0.0,0,1,-0.02564102564102564,d3e3,-0.02564102564102564,d3e3,-0.02564102564102564,d3f3,-0.02564102564102564,d3f3
7149,r1b1k2r/p1p2p2/1npbq3/4N3/3P1Bp1/P1N3P1/1P2PPK1/R2Q1R2 b kq - 0 1,-0.0,0.152587890625,0.152587890625,-0.02564102564102564,-0.02564102564102564,0.02564102564102564,0.0,0.0,0.0,0,1,-0.02564102564102564,d6e5,-0.02564102564102564,d6e5,-0.02564102564102564,b6d5,-0.02564102564102564,b6d5
7380,3r4/8/8/kp1pR3/p2P4/P2KP3/1P6/8 w - - 0 1,0.004999958444386721,0.68896484375,0.6839648853056133,0.02564102564102564,0.02564102564102564,0.02564102564102564,0.0,0.0,0.0,0,0,0.02564102564102564,e3e4,0.02564102564102564,e3e4,0.02564102564102564,e3e4,0.02564102564102564,e3e4
8458,r4rk1/p1p2ppp/2Qb1qb1/8/2P5/8/PP3PPP/RNB2RK1 w - - 0 1,-0.12271177023649216,-0.1373291015625,0.014617331326007843,0.02564102564102564,0.02564102564102564,0.02564102564102564,0.0,0.0,0.0,0,1,0.02564102564102564,f2f3,0.02564102564102564,f2f3,0.02564102564102564,g2g3,0.02564102564102564,g2g3
8660,3b2k1/p4p1p/1p2pp2/3q4/4N3/5Q2/PPP2PPP/6K1 w - - 0 1,0.0,0.15576171875,0.15576171875,0.0,0.0,0.0,0.0,0.0,0.0,0,0,0.0,f3d3,0.0,f3d3,0.0,f3d3,0.0,f3d3
9157,r1bqkb1r/p1p1n1pp/2p1p3/3pP3/8/2P5/PP3PPP/RNBQK1NR w KQkq - 0 1,-0.0383145697414875,-0.007904052734375,0.030410517007112503,0.0,0.0,0.0,0.0,0.0,0.0,0,0,0.0,f2f3,0.0,f2f3,0.0,f2f3,0.0,f2f3
9170,2r2rk1/1pqb2p1/1b2ppp1/pP1pPn2/P4B2/2PQ1N2/3N1PPP/2R2RK1 w - - 0 1,0.14888502657413483,-0.125244140625,0.2741291671991348,0.0,0.0,0.0,0.0,0.0,0.0,0,0,0.0,g1h1,0.0,g1h1,0.0,g1h1,0.0,g1h1
9414,1rbq1rk1/p3ppbp/1p2n1p1/2n1P3/4N3/P2BBN2/1PP1Q1PP/R4RK1 w - - 0 1,-0.004999958444386721,0.00870513916015625,0.01370509760454297,0.0,0.0,0.0,0.0,0.0,0.0,0,0,0.0,e4c5,0.0,e4c5,0.0,e4c5,0.0,e4c5
10835,1r3rk1/p3pp2/3p2p1/b6p/8/1P4PP/P3PP2/1RB2RK1 w - - 0 1,0.0,-0.0323486328125,0.0323486328125,0.0,0.0,0.0,0.0,0.0,0.0,0,0,0.0,f2f3,0.0,f2f3,0.0,f2f3,0.0,f2f3
10920,8/1p6/p1kp1n2/P4p1p/4pP2/5KPP/1PP5/3N4 w - - 0 1,0.0,-0.11224365234375,0.11224365234375,0.0,0.0,0.0,0.0,0.0,0.0,0,0,0.0,f3g2,0.0,f3g2,0.0,f3g2,0.0,f3g2
11526,r2q1rk1/pp1n1ppp/3b1n2/3pp3/3P4/1P1BPQ1P/PB1N1PP1/R4RK1 w - - 0 1,0.04164256900548935,0.07470703125,0.03306446224451065,0.0,0.0,0.0,0.0,0.0,0.0,0,0,0.0,d4e5,0.0,d4e5,0.0,d4e5,0.0,d4e5
11839,4r3/pp1n1rbk/2p3pp/4p3/2P1Pp2/B1P3Pb/P1QN1P1P/3R2K1 w - - 0 1,0.08314096927642822,-0.0255126953125,0.10865366458892822,0.02564102564102564,0.02564102564102564,0.02564102564102564,0.0,0.0,0.0,0,0,0.02564102564102564,g3f4,0.02564102564102564,g3f4,0.02564102564102564,g3f4,0.02564102564102564,g3f4
12156,2r2rk1/1b3p1p/p1q1p3/1p2P1p1/4n2B/PB3R2/1P3PPP/3QR1K1 w - - 0 1,0.04330623149871826,0.00107574462890625,0.04223048686981201,0.0,0.0,0.0,0.0,0.0,0.0,0,0,0.0,h4g3,0.0,h4g3,0.0,h4g3,0.0,h4g3
12660,8/8/1rp3k1/p2p4/7R/4PK2/5P2/8 w - - 0 1,-0.008333140052855015,-0.151123046875,0.14278990682214499,-0.02564102564102564,-0.02564102564102564,0.02564102564102564,0.0,0.0,0.0,0,0,-0.02564102564102564,e3e4,-0.02564102564102564,e3e4,-0.02564102564102564,e3e4,-0.02564102564102564,e3e4
12785,r2r2k1/pp3ppp/2n1b3/8/5B2/2P2N2/P2R1PPP/5RK1 w - - 0 1,-0.051620740443468094,-0.0797119140625,0.028091173619031906,0.0,0.0,0.0,0.0,0.0,0.0,0,0,0.0,d2d8,0.0,d2d8,0.0,d2d8,0.0,d2d8
12835,1r1r2k1/1p3pp1/pQnp1q1p/4p3/4P3/2P4P/P1P1BPP1/1R1R2K1 b - - 0 1,-0.02499479241669178,-0.056182861328125,0.03118806891143322,-0.0,-0.0,0.0,0.0,0.0,0.0,0,1,-0.0,g8h8,-0.0,d8c8,-0.0,d8c8,-0.0,d8c8
13053,4r3/1b4kp/2n2qp1/2pnpp2/1pN5/2PP1NP1/rP1Q1P1P/3RRBK1 w - - 0 1,0.0,0.08721923828125,0.08721923828125,0.0,0.0,0.0,0.0,0.0,0.0,0,0,0.0,c3b4,0.0,c3b4,0.0,c3b4,0.0,c3b4
13311,r2k1bnr/ppp2ppp/2n1b3/4p3/2P5/2N1PN2/PP3PPP/R1B1KB1R b KQ - 0 1,-0.023329099640250206,0.01354217529296875,0.036871274933218956,-0.0,-0.0,0.0,0.0,0.0,0.0,0,0,-0.0,h7h6,-0.0,h7h6,-0.0,h7h6,-0.0,h7h6
13786,7k/2pq2pp/prnp2n1/4pr2/2Q5/3PPNN1/PP4PP/2R2RK1 b - - 0 1,-0.15377052128314972,-0.028350830078125,0.12541969120502472,-0.0,-0.0,0.0,0.0,0.0,0.0,0,0,-0.0,f5f6,-0.0,f5f6,-0.0,f5f6,-0.0,f5f6
13998,2br1rk1/4nppp/pb2p3/1pN5/1P6/P3P3/BBR2PPP/R5K1 b - - 0 1,-0.0383145697414875,-0.00594329833984375,0.03237127140164375,-0.0,-0.0,0.0,0.0,0.0,0.0,0,0,-0.0,b6c5,-0.0,b6c5,-0.0,b6c5,-0.0,b6c5
14915,2r5/4bp2/p4p2/1p2p2P/4k1P1/PP2B3/2P3R1/1K6 w - - 0 1,-0.06656807661056519,0.261962890625,0.3285309672355652,0.0,0.0,0.0,0.0,0.0,0.0,0,1,0.0,g2e2,0.0,g2e2,0.0,e3c1,0.0,e3c1
15618,r2q1rk1/ppp1bppp/5n2/4p1B1/2P1P1b1/3B4/PP3PPP/RN1Q1RK1 w - - 0 1,-0.07154422253370285,0.051605224609375,0.12314944714307785,0.0,0.0,0.0,0.0,0.0,0.0,0,1,0.0,f2f3,0.0,f2f3,0.0,f2f3,0.0,d1d2
16558,8/8/5pk1/2r3p1/5n1p/r6P/PRN2PPK/3R4 b - - 0 1,-0.006666568107903004,0.052978515625,0.059645083732903004,-0.02564102564102564,-0.02564102564102564,0.02564102564102564,0.0,0.0,0.0,0,0,-0.02564102564102564,a3a4,-0.02564102564102564,a3a4,-0.02564102564102564,a3a4,-0.02564102564102564,a3a4
16766,r1bq1rk1/1p3pbp/1np3p1/p2p4/3P1N2/2N1P3/PPQ1BPPP/R4RK1 w - - 0 1,-0.06988588720560074,-0.01377105712890625,0.05611483007669449,0.0,0.0,0.0,0.0,0.0,0.0,0,0,0.0,f2f3,0.0,f2f3,0.0,f2f3,0.0,f2f3
17238,2r3k1/np1nbpp1/q3p1p1/3pP3/pP1P4/P2N3P/4NPP1/2BQ1RK1 b - - 0 1,0.11285057663917542,0.062164306640625,0.050686269998550415,-0.0,-0.0,0.0,0.0,0.0,0.0,0,0,-0.0,g8h8,-0.0,g8h8,-0.0,g8h8,-0.0,g8h8
17982,3q1rk1/rb1nbpp1/2p1pn1p/3p4/3P4/2NBPN1P/P1Q2PPB/1R3RK1 w - - 0 1,-0.0582672581076622,0.1280517578125,0.1863190159201622,0.0,0.0,0.0,0.0,0.0,0.0,0,0,0.0,g1h1,0.0,g1h1,0.0,g1h1,0.0,g1h1
18379,5r2/1p1k4/p1p3np/R4N2/P5P1/8/1PP2K1P/8 b - - 0 1,-0.02499479241669178,-0.135009765625,0.11001497320830822,-0.02564102564102564,-0.02564102564102564,0.02564102564102564,0.0,0.0,0.0,0,0,-0.02564102564102564,f8h8,-0.02564102564102564,f8h8,-0.02564102564102564,f8h8,-0.02564102564102564,f8h8
18865,r3kb1r/1bqp3p/p1n1pn2/1p3p2/3N1P2/2N1B1P1/PPP3BP/R2Q1RK1 w kq - 0 1,-0.08810430020093918,0.099609375,0.18771367520093918,0.0,0.0,0.0,0.0,0.0,0.0,0,0,0.0,g2c6,0.0,g2c6,0.0,g2c6,0.0,g2c6
18937,5rk1/4Qp2/p1p3p1/8/5Rp1/3P2P1/3qP2P/7K b - - 0 1,-0.0,0.08441162109375,0.08441162109375,0.02564102564102564,0.02564102564102564,0.02564102564102564,0.0,0.0,0.0,0,1,0.02564102564102564,f7f5,0.02564102564102564,f7f5,0.02564102564102564,d2d1,0.02564102564102564,d2d1
19687,rnbk1b1r/1p3ppp/p3pn2/2p5/P3P3/2N5/1PP2PPP/R1B1KBNR b KQ - 0 1,-0.059928104281425476,-0.059295654296875,0.0006324499845504761,-0.0,-0.0,0.0,0.0,0.0,0.0,0,0,-0.0,h7h6,-0.0,h7h6,-0.0,h7h6,-0.0,h7h6
20404,2r3k1/1Q3pp1/2q1pn2/p2p3p/P2P4/2P1B1PP/4bPB1/1R4K1 w - - 0 1,-0.051620740443468094,-0.0229034423828125,0.028717298060655594,0.0,0.0,0.0,0.0,0.0,0.0,0,0,0.0,b7c6,0.0,b7c6,0.0,b7c6,0.0,b7c6
20635,2kr4/ppp3p1/8/3p2r1/8/2P3P1/PP3P2/R4RK1 w - - 0 1,0.011666137725114822,0.0247039794921875,0.013037841767072678,0.0,0.0,0.0,0.0,0.0,0.0,0,0,0.0,g1h1,0.0,g1h1,0.0,g1h1,0.0,g1h1
21248,6k1/pb2q2p/1p4p1/1P1p4/P2N4/1B2nP1P/Q4KP1/8 b - - 0 1,-0.028325753286480904,-0.1676025390625,0.1392767857760191,-0.0,-0.0,0.0,0.0,0.0,0.0,0,0,-0.0,g8h8,-0.0,g8h8,-0.0,g8h8,-0.0,g8h8
21761,6k1/8/4np2/1P3npp/3p4/r2N2B1/4KPPP/2R5 b - - 0 1,-0.023329099640250206,0.091552734375,0.1148818340152502,-0.0,-0.0,0.0,0.0,0.0,0.0,0,0,-0.0,f5g3,-0.0,f5g3,-0.0,f5g3,-0.0,f5g3
21771,1r4k1/2r1pp2/p1qp1npp/1p6/1PP2R2/P3N1P1/1Q2PP1P/2R3K1 w - - 0 1,0.11942730098962784,0.10833740234375,0.011089898645877838,0.0,0.0,0.0,0.0,0.0,0.0,0,0,0.0,f2f3,0.0,f2f3,0.0,f2f3,0.0,f2f3
21881,r2q1rk1/3p2pp/2b1p3/p1b1Np2/1pP2B2/4P3/PP2QPPP/R2R2K1 b - - 0 1,-0.06822717189788818,-0.06610107421875,0.0021260976791381836,-0.0,-0.0,0.0,0.0,0.0,0.0,0,0,-0.0,d8c8,-0.0,d8c8,-0.0,d8c8,-0.0,d8c8
22086,8/8/1p2k2p/p1pp1Pp1/PP4P1/2PK2P1/8/8 b - - 0 1,-0.0,0.29541015625,0.29541015625,-0.0,-0.0,0.0,0.0,0.0,0.0,0,0,-0.0,e6f7,-0.0,e6f7,-0.0,e6f7,-0.0,e6f7
22274,2r1kb1r/1p3ppp/p3p3/n2q4/3P4/5N2/PP2QPPP/R1B2RK1 w k - 0 1,-0.06158861890435219,-0.0178985595703125,0.04369005933403969,0.0,0.0,0.0,0.0,0.0,0.0,0,0,0.0,g2g3,0.0,g2g3,0.0,g2g3,0.0,g2g3
22362,r1r2bk1/1pq2ppp/1n1p1n2/3Pp2b/1P2P3/BQN3PP/3N1PB1/1RR3K1 b - - 0 1,-0.049958374351263046,-0.0784912109375,0.028532836586236954,-0.0,-0.0,0.0,0.0,0.0,0.0,0,0,-0.0,g8h8,-0.0,g8h8,-0.0,g8h8,-0.0,g8h8
22493,2k2b1r/ppp3p1/2n1qp1p/3rp3/1PN1nP2/P2PB1P1/2Q3NP/R4RK1 b - - 0 1,0.14235976338386536,-0.01346588134765625,0.1558256447315216,0.02564102564102564,0.02564102564102564,0.02564102564102564,0.0,0.0,0.0,0,1,0.02564102564102564,c6d4,0.02564102564102564,c6d4,0.02564102564102564,e4d6,0.02564102564102564,e4d6
23074,r1q1kb1r/pp2pppp/2p2n2/n5B1/3P4/2NP1Q2/PP2N1PP/R3K2R b KQkq - 0 1,-0.08810430020093918,0.05377197265625,0.14187627285718918,0.02564102564102564,0.02564102564102564,0.02564102564102564,0.0,0.0,0.0,0,0,0.02564102564102564,h7h6,0.02564102564102564,h7h6,0.02564102564102564,h7h6,0.02564102564102564,h7h6
23300,1r3rk1/Rbp1b1p1/1p1pp1qp/3P1p1n/2P5/2PBP1BP/2QN1PP1/5RK1 w - - 0 1,0.10296710580587387,0.0928955078125,0.01007159799337387,0.0,0.0,0.0,0.0,0.0,0.0,0,0,0.0,d5e6,0.0,d5e6,0.0,d5e6,0.0,d5e6
24681,3r2k1/1p5p/1N1p2p1/Pp1P4/2p1pPn1/2R3PP/1P4K1/8 b - - 0 1,-0.0,0.0989990234375,0.0989990234375,0.02564102564102564,0.02564102564102564,0.02564102564102564,0.0,0.0,0.0,0,0,0.02564102564102564,g4f6,0.02564102564102564,g4f6,0.02564102564102564,g4f6,0.02564102564102564,g4f6
24684,8/2R2pkp/p1N1pnp1/8/6b1/1P4PP/P4PBK/3r4 b - - 0 1,-0.011666137725114822,-0.192626953125,0.18096081539988518,-0.0,-0.0,0.0,0.0,0.0,0.0,0,0,-0.0,g4h5,-0.0,g4h5,-0.0,g4h5,-0.0,g4h5
24859,rn1r2k1/ppp2ppp/2b1pq2/8/3P3P/5N2/PPP1QPP1/2KR1B1R w - - 0 1,0.03997867926955223,0.1385498046875,0.09857112541794777,0.0,0.0,0.0,0.0,0.0,0.0,0,0,0.0,c2c3,0.0,c2c3,0.0,c2c3,0.0,c2c3
25038,3k4/1p5p/pnr2pb1/b3p3/8/2PP3P/P3B1P1/1R1NK2R b - - 0 1,-0.03498571366071701,-0.1790771484375,0.144091434776783,-0.05128205128205128,-0.05128205128205128,0.05128205128205128,0.0,0.0,0.0,0,0,-0.05128205128205128,h7h6,-0.05128205128205128,h7h6,-0.05128205128205128,h7h6,-0.05128205128205128,h7h6
26121,2r1k1r1/ppqb1p2/2n1p3/3pPn2/5P2/P1Q5/2P1N1PP/1RB1KB1R w K - 0 1,0.14235976338386536,-0.0557861328125,0.19814589619636536,0.02564102564102564,0.02564102564102564,0.02564102564102564,0.0,0.0,0.0,0,0,0.02564102564102564,g2g3,0.02564102564102564,g2g3,0.02564102564102564,g2g3,0.02564102564102564,g2g3
26190,2r1r1k1/p4ppp/1p6/3p4/3B4/PP1nP1K1/3NbPPP/RR6 w - - 0 1,-0.08645033091306686,-0.060028076171875,0.026422254741191864,0.0,0.0,0.0,0.0,0.0,0.0,0,0,0.0,f2f3,0.0,f2f3,0.0,f2f3,0.0,f2f3
26199,r1bqr3/pp3pk1/5pp1/3P1n2/4N2p/P1QB3P/1P3PP1/3R1RK1 w - - 0 1,0.02666034735739231,0.249267578125,0.2226072307676077,0.0,0.0,0.0,0.0,0.0,0.0,0,1,0.0,f2f3,0.0,f2f3,0.0,g1h1,0.0,g1h1
28196,rn2k2r/pp3pp1/1bp1p3/8/7P/2P3N1/PP3PP1/R3K1NR w KQkq - 0 1,-0.008333140052855015,-0.08447265625,0.07613951619714499,0.0,0.0,0.0,0.0,0.0,0.0,0,0,0.0,a1b1,0.0,a1b1,0.0,a1b1,0.0,a1b1
28652,r2qr1k1/pp2n1b1/4Pnpp/1P1pp3/4p3/BQN3P1/P4PBP/R4RK1 b - - 0 1,-0.1341858059167862,-0.1630859375,0.028900131583213806,0.02564102564102564,0.02564102564102564,0.02564102564102564,0.0,0.0,0.0,0,1,0.02564102564102564,g8h8,0.02564102564102564,g8h8,0.02564102564102564,e7f5,0.02564102564102564,e7f5
28948,6r1/pk6/1p2p3/3pPpp1/P1rP1P2/R1PK2P1/5R2/8 w - - 0 1,-0.054944608360528946,0.125732421875,0.18067703023552895,0.0,0.0,0.0,0.0,0.0,0.0,0,0,0.0,f4g5,0.0,f4g5,0.0,f4g5,0.0,f4g5
29178,r4rk1/1ppqnbpp/p1p2p2/8/N2RP3/P6P/1PP2PP1/R1BQ2K1 b - - 0 1,-0.09471523761749268,-0.11572265625,0.021007418632507324,-0.0,-0.0,0.0,0.0,0.0,0.0,0,0,-0.0,d7e8,-0.0,d7e8,-0.0,d7e8,-0.0,d7e8
30672,r2q1rk1/ppp2ppp/4pn2/3pB2b/2PP4/2P2P2/P3P1PP/1R1QKBR1 b - - 0 1,-0.0,0.079833984375,0.079833984375,-0.0,-0.0,0.0,0.0,0.0,0.0,0,0,-0.0,d5c4,-0.0,d5c4,-0.0,d5c4,-0.0,d5c4
31097,r4rk1/ppq2pp1/2p1pb1p/4Nb2/2BP1PP1/8/PPP1Q2P/2KR3R b - - 0 1,-0.07154422253370285,-0.0943603515625,0.02281612902879715,-0.0,-0.0,0.0,0.0,0.0,0.0,0,0,-0.0,f6e5,-0.0,f6e5,-0.0,f6e5,-0.0,f6e5
31277,3r2rk/1p3p1p/p1p1bp2/8/PP1P4/5N1P/5PPK/2R1R3 b - - 0 1,-0.0,0.0290374755859375,0.0290374755859375,-0.0,-0.0,0.0,0.0,0.0,0.0,0,0,-0.0,h7h6,-0.0,h7h6,-0.0,h7h6,-0.0,h7h6
32037,3r1rk1/2p3pp/p4q2/np1p4/6b1/1BP1RN1P/PP1Q1PP1/R5K1 b - - 0 1,-0.011666137725114822,-0.08514404296875,0.07347790524363518,-0.0,-0.0,0.0,0.0,0.0,0.0,0,0,-0.0,a5b3,-0.0,a5b3,-0.0,a5b3,-0.0,a5b3
33267,r4rk1/pp1nbppp/2b1pn2/4N3/2B5/1PN5/PBP2PPP/3R1RK1 w - - 0 1,0.06158861890435219,0.159423828125,0.09783520922064781,0.0,0.0,0.0,0.0,0.0,0.0,0,0,0.0,e5c6,0.0,e5c6,0.0,e5c6,0.0,e5c6
33512,2krr3/pp3pp1/4p2p/4B2P/2P1n1P1/5P2/PP6/1K1R3R b - - 0 1,-0.049958374351263046,-0.00908660888671875,0.040871765464544296,-0.0,-0.0,0.0,0.0,0.0,0.0,0,0,-0.0,d8d1,-0.0,d8d1,-0.0,d8d1,-0.0,d8d1
35896,r2qr1k1/1p2bppp/2pN4/p3P2n/3Q2b1/2N5/PPPR1PBP/5RK1 b - - 0 1,-0.12106986343860626,-0.062744140625,0.05832572281360626,-0.0,-0.0,0.0,0.0,0.0,0.0,0,0,-0.0,e7d6,-0.0,e7d6,-0.0,e7d6,-0.0,e7d6
36303,8/8/6N1/8/p3kP2/K7/8/8 b - - 0 1,-0.0,-0.0085906982421875,0.0085906982421875,-0.07692307692307693,-0.07692307692307693,0.07692307692307693,0.0,0.0,0.0,0,0,-0.07692307692307693,e4f5,-0.07692307692307693,e4f5,-0.07692307692307693,e4f5,-0.07692307692307693,e4f5
36670,3r1b2/1p5k/p2r1p1p/q1pNpPpQ/P1P1P3/1PN5/6PP/2R4K b - - 0 1,-0.125993549823761,-0.1932373046875,0.06724375486373901,0.05128205128205128,0.05128205128205128,0.05128205128205128,0.0,0.0,0.0,0,1,0.05128205128205128,d8c8,0.05128205128205128,d8c8,0.05128205128205128,f8g7,0.05128205128205128,f8g7
36798,r3kb1r/pp1n2pp/1q2pp2/1Q1p3n/P2P4/2P2NB1/1P1NKPPP/1R5R b kq - 0 1,-0.0,0.01556396484375,0.01556396484375,-0.0,-0.0,0.0,0.0,0.0,0.0,0,0,-0.0,b6b5,-0.0,b6b5,-0.0,b6b5,-0.0,b6b5
37815,r4rk1/ppq2ppp/2n1p3/3pP3/6b1/1QPB4/PP1N1PPP/R3R1K1 w - - 0 1,-0.00999966636300087,0.02789306640625,0.03789273276925087,0.0,0.0,0.0,0.0,0.0,0.0,0,0,0.0,c3c4,0.0,c3c4,0.0,c3c4,0.0,c3c4
39199,2r1n1k1/1p1q1ppp/p3b3/3p4/7Q/1P2P1P1/P4PBP/2BR2K1 w - - 0 1,0.04829573258757591,0.158935546875,0.11063981428742409,0.0,0.0,0.0,0.0,0.0,0.0,0,0,0.0,f2f3,0.0,f2f3,0.0,f2f3,0.0,f2f3
39382,2r3k1/Q4ppp/P1q5/8/3B4/7P/5PPK/8 w - - 0 1,-0.014998875558376312,0.052459716796875,0.06745859235525131,-0.02564102564102564,-0.02564102564102564,0.02564102564102564,0.0,0.0,0.0,0,1,-0.02564102564102564,f2f3,-0.02564102564102564,f2f3,-0.02564102564102564,d4e3,-0.02564102564102564,d4e3
39509,r2r2k1/2q2pbp/p5p1/1p2nb2/P4B2/2P2N1P/4BPP1/R1Q2RK1 b - - 0 1,-0.0,0.07391357421875,0.07391357421875,-0.0,-0.0,0.0,0.0,0.0,0.0,0,0,-0.0,b5a4,-0.0,b5a4,-0.0,b5a4,-0.0,b5a4
39755,r4rk1/1b2bppp/p3pn2/1p2P3/1P5q/PQN4P/4BPP1/R1B2RK1 b - - 0 1,0.11449570953845978,0.161376953125,0.04688124358654022,-0.0,-0.0,0.0,0.0,0.0,0.0,0,0,-0.0,f6d5,-0.0,f6d5,-0.0,f6d5,-0.0,f6d5
40458,2r1r1k1/3n1pbp/ppNp2p1/3P4/8/8/PP3PPP/1RB2RK1 b - - 0 1,0.19256539642810822,0.24609375,0.053528353571891785,-0.0,-0.0,0.0,0.0,0.0,0.0,0,0,-0.0,g8h8,-0.0,g8h8,-0.0,g8h8,-0.0,g8h8
40751,7n/7P/8/1k6/1p1K4/8/8/8 w - - 0 1,0.0,-0.384521484375,0.384521484375,-0.07692307692307693,-0.07692307692307693,0.07692307692307693,0.0,0.0,0.0,0,0,-0.07692307692307693,d4e3,-0.07692307692307693,d4e3,-0.07692307692307693,d4e3,-0.07692307692307693,d4e3
41802,4kr2/4b1Qp/Bpr1q2B/4pp2/1P2P3/n5K1/3R1PPP/R7 w - - 0 1,0.0,0.6904296875,0.6904296875,0.02564102564102564,0.02564102564102564,0.02564102564102564,0.0,0.0,0.0,0,1,0.02564102564102564,a1a3,0.02564102564102564,a1a3,0.02564102564102564,e4f5,0.02564102564102564,e4f5
41843,8/R4pk1/6pp/P7/6PP/r7/5PK1/8 b - - 0 1,-0.004999958444386721,-0.05010986328125,0.04510990483686328,-0.02564102564102564,-0.02564102564102564,0.02564102564102564,0.0,0.0,0.0,0,0,-0.02564102564102564,g7h8,-0.02564102564102564,g7h8,-0.02564102564102564,g7h8,-0.02564102564102564,g7h8
43098,2k1r3/5pp1/p1q1p1p1/3n4/6P1/7P/5PB1/1R1Q2K1 b - - 0 1,-0.0,-0.47509765625,0.47509765625,0.05128205128205128,0.05128205128205128,0.05128205128205128,0.0,0.0,0.0,0,1,0.05128205128205128,e8f8,0.05128205128205128,e8f8,0.05128205128205128,c8d8,0.05128205128205128,c8d8
44216,r1bqr1k1/pp3pbp/3p4/2pP2pn/P1B1P3/2N5/1PQ2PPP/R1B2RK1 w - - 0 1,0.08148559182882309,0.09490966796875,0.01342407613992691,0.0,0.0,0.0,0.0,0.0,0.0,0,0,0.0,f2f3,0.0,f2f3,0.0,f2f3,0.0,f2f3
45183,4kb1r/pp4pp/2p2p2/8/P2NnB1P/6P1/1PKRP3/8 w k - 0 1,-0.1358221024274826,0.018585205078125,0.1544073075056076,-0.02564102564102564,-0.02564102564102564,0.02564102564102564,0.0,0.0,0.0,0,0,-0.02564102564102564,d2d3,-0.02564102564102564,d2d3,-0.02564102564102564,d2d3,-0.02564102564102564,d2d3
45672,2rr4/1p2nkp1/4p2p/NBnb1p2/5P2/P3P1P1/1B1RK2P/2R5 b - - 0 1,0.17808087170124054,0.014068603515625,0.16401226818561554,-0.0,-0.0,0.0,0.0,0.0,0.0,0,0,-0.0,b7b6,-0.0,b7b6,-0.0,b7b6,-0.0,b7b6
45777,r5k1/p4ppp/4p3/4n1P1/4b3/8/PPP1Q1PP/1KNq1B1R b - - 0 1,0.02666034735739231,0.346923828125,0.3202634807676077,-0.02564102564102564,-0.02564102564102564,0.02564102564102564,0.0,0.0,0.0,0,0,-0.02564102564102564,d1e2,-0.02564102564102564,d1e2,-0.02564102564102564,d1e2,-0.02564102564102564,d1e2
45898,r2q1rk1/1p2bpp1/p6p/3n4/P2Q4/5NP1/1P3PBP/R3R1K1 b - - 0 1,-0.07320215553045273,-0.11041259765625,0.03721044212579727,-0.0,-0.0,0.0,0.0,0.0,0.0,0,1,-0.0,g8h8,-0.0,g8h8,-0.0,a8b8,-0.0,a8b8
46090,1r4k1/5p1p/6p1/p7/7P/P1b1B3/4bPBP/5RK1 w - - 0 1,-0.05328282341361046,-0.1929931640625,0.13971034064888954,0.0,0.0,0.0,0.0,0.0,0.0,0,0,0.0,f1c1,0.0,f1c1,0.0,f1c1,0.0,f1c1
46152,3q1rk1/p4pbp/4pnp1/1N1p1b2/8/4B1P1/PP1QPPBP/2R3K1 b - - 0 1,-0.06988588720560074,-0.0673828125,0.0025030747056007385,-0.0,-0.0,0.0,0.0,0.0,0.0,0,0,-0.0,f6e4,-0.0,f6e4,-0.0,f6e4,-0.0,f6e4
47146,3qr1k1/Rpp5/4pb1B/1PPpNb1p/3P4/5pP1/3Q1K1P/8 b - - 0 1,-0.0,-0.3134765625,0.3134765625,0.02564102564102564,0.02564102564102564,0.02564102564102564,0.0,0.0,0.0,0,0,0.02564102564102564,f6e5,0.02564102564102564,f6e5,0.02564102564102564,f6e5,0.02564102564102564,f6e5
13254,r3r3/p1q2pkp/1pn3p1/2p1p3/2P2P2/P2PR1P1/1P4BP/3QR1K1 b - - 0 1,-0.028325753286480904,-0.014495849609375,0.013829903677105904,-0.0,-0.02564102564102564,0.02564102564102564,0.0,0.0,0.02564102564102564,0,0,-0.02564102564102564,h7h6,-0.02564102564102564,h7h6,-0.02564102564102564,h7h6,-0.02564102564102564,h7h6
13708,rn2kb1r/5ppp/pQbp1q2/8/1p2p3/1N6/PPP2PBP/R1B1K2R w KQkq - 0 1,-0.125993549823761,-0.1156005859375,0.010392963886260986,-0.05128205128205128,-0.02564102564102564,0.02564102564102564,0.0,0.0,0.02564102564102564,0,0,-0.02564102564102564,b6b4,-0.02564102564102564,b6b4,-0.02564102564102564,b6b4,-0.02564102564102564,b6b4
20321,3rr1k1/1pR2p1p/pN4p1/3P1b2/8/bP2R1P1/5PBP/6K1 w - - 0 1,0.07485969364643097,0.159423828125,0.08456413447856903,0.0,0.02564102564102564,0.02564102564102564,0.0,0.0,0.02564102564102564,0,0,0.02564102564102564,e3e8,0.02564102564102564,e3e8,0.02564102564102564,e3e8,0.02564102564102564,e3e8
23405,r3q2k/p1p3pp/1p1p1nr1/3Q1p2/1P2n3/P3PN2/1B3PPP/R2R2K1 w - - 0 1,-0.06158861890435219,-0.1539306640625,0.09234204515814781,-0.02564102564102564,0.0,0.0,0.0,0.0,0.02564102564102564,0,0,0.0,d5f5,0.0,d5f5,0.0,d5f5,0.0,d5f5
39697,r1bqr1k1/1pp2pb1/p4npp/4P3/B3p3/2P3N1/PP3PPP/R1BQR1K1 b - - 0 1,-0.0,0.04388427734375,0.04388427734375,-0.0,0.02564102564102564,0.02564102564102564,0.0,0.0,0.02564102564102564,0,0,0.02564102564102564,d8d1,0.02564102564102564,d8d1,0.02564102564102564,d8d1,0.02564102564102564,d8d1
40357,6k1/2p2pp1/p1p3b1/2P1r1Pp/1P1N3P/3p1P2/P7/3R2K1 w - - 0 1,0.04164256900548935,-0.22802734375,0.26966991275548935,-0.02564102564102564,0.0,0.0,0.0,0.0,0.02564102564102564,0,0,0.0,d4c6,0.0,d4c6,0.0,d4c6,0.0,d4c6
40994,2k3r1/pp3p1p/8/4P3/3N1b2/2P5/PP2K2P/5R2 b - - 0 1,-0.003333321074023843,-0.16748046875,0.16414714767597616,-0.02564102564102564,-0.0,0.0,0.0,0.0,0.02564102564102564,0,0,-0.0,f4h2,-0.0,f4h2,-0.0,f4h2,-0.0,f4h2
41632,2rq1rk1/1b2bpp1/pp3n1p/2nPP3/2p4B/2N5/PP2N1PP/1BRQ1RK1 b - - 0 1,0.14399226009845734,-0.24658203125,0.39057429134845734,-0.0,0.02564102564102564,0.02564102564102564,0.0,0.0,0.02564102564102564,0,0,0.02564102564102564,f6d5,0.02564102564102564,f6d5,0.02564102564102564,f6d5,0.02564102564102564,f6d5
43067,r1bqk2r/5p1p/pp2pnp1/2p2P2/P7/1B1P1RQ1/1PP3PP/R1B3K1 b kq - 0 1,-0.12271177023649216,-0.33642578125,0.21371401101350784,-0.0,0.02564102564102564,0.02564102564102564,0.0,0.0,0.02564102564102564,0,0,0.02564102564102564,e6f5,0.02564102564102564,e6f5,0.02564102564102564,e6f5,0.02564102564102564,e6f5
36157,r3r1k1/pp1n2bp/3p2p1/2pP1p1P/2P4q/2NB3P/PPQ2PK1/R1B2R2 b - - 0 1,-0.10461582243442535,0.0262451171875,0.13086093962192535,-0.07692307692307693,-0.05128205128205128,0.05128205128205128,0.0,0.0,0.025641025641025647,0,0,-0.05128205128205128,g7c3,-0.05128205128205128,g7c3,-0.05128205128205128,g7c3,-0.05128205128205128,g7c3
28828,r2q1rk1/5ppp/bpp5/p7/N3P3/1P1n2P1/PB3KBP/R2QR3 w - - 0 1,-0.04663281887769699,-0.658203125,0.611570306122303,0.05128205128205128,0.0,0.0,0.0,0.0,0.05128205128205128,0,0,0.0,f2f3,0.0,f2f3,0.0,f2f3,0.0,f2f3
10589,Qn1q1rk1/p4ppp/2p5/8/2PPp3/5b2/PP1b1PPP/R1B2RK1 w - - 0 1,0.0,-0.316162109375,0.316162109375,0.0,0.07692307692307693,0.07692307692307693,0.0,0.0,0.07692307692307693,0,0,0.07692307692307693,g2f3,0.07692307692307693,g2f3,0.07692307692307693,g2f3,0.07692307692307693,g2f3
25704,r1b1k2r/pp1nqppp/2n1p3/8/3N4/1P4P1/P1Q1PPBP/RNR3K1 b kq - 0 1,-0.16676117479801178,-0.13525390625,0.03150726854801178,-0.0,0.07692307692307693,0.07692307692307693,0.0,0.0,0.07692307692307693,0,0,0.07692307692307693,c6d4,0.07692307692307693,c6d4,0.07692307692307693,c6d4,0.07692307692307693,c6d4
29434,rnbq2k1/pp3rp1/4p1np/2bpP3/8/P2B4/1PP2PPP/RNBQ1RK1 w - - 0 1,0.15051434934139252,-0.1993408203125,0.3498551696538925,-0.05128205128205128,0.02564102564102564,0.02564102564102564,0.0,0.0,0.07692307692307693,0,0,0.02564102564102564,d3g6,0.02564102564102564,d3g6,0.02564102564102564,d3g6,0.02564102564102564,d3g6
49821,3r2k1/1pp2rp1/1pqp3p/3npP2/1PP1P1P1/P2Q3P/7K/R4R2 w - - 0 1,0.17969420552253723,0.08721923828125,0.09247496724128723,-0.07692307692307693,0.0,0.0,0.0,0.0,0.07692307692307693,0,0,0.0,c4d5,0.0,c4d5,0.0,c4d5,0.0,c4d5
3881,2br2k1/4n1bp/6p1/2N2n2/1p4N1/3PP1P1/3B2BP/5RK1 w - - 0 1,0.08975778520107269,0.160400390625,0.07064260542392731,0.02564102564102564,0.02564102564102564,0.02564102564102564,0.02564102564102564,0.011102889792108188,0.0,0,0,0.05128205128205128,d2b4,0.02564102564102564,d2b4,0.02564102564102564,d2b4,0.02564102564102564,d2b4
11514,8/5k2/p3p1p1/1p2K2p/3B2P1/bP3P1P/P7/8 b - - 0 1,-0.03498571366071701,-0.1085205078125,0.07353479415178299,-0.0,-0.0,0.0,0.02564102564102564,0.011102889792108188,0.0,2,0,-0.0,h5g4,-0.0,h5g4,-0.02564102564102564,h5g4,-0.0,h5g4
21336,2r1r1k1/1pq3p1/p2bp2p/2np3n/8/2N1PP1P/PP1QNBP1/R2R3K w - - 0 1,0.198976531624794,0.11163330078125,0.087343230843544,0.0,0.0,0.0,0.02564102564102564,0.01282051282051282,0.0,1,1,0.02564102564102564,c3d5,0.02564102564102564,c3d5,0.0,a1b1,0.0,a1b1
30676,r3k1nr/1p1b1p2/p1n5/2p1p1qp/4P1P1/2P2N2/PP3PP1/RN1QRBK1 b kq - 0 1,-0.17969420552253723,-0.0679931640625,0.11170104146003723,-0.02564102564102564,-0.02564102564102564,0.02564102564102564,0.02564102564102564,0.01282051282051282,0.0,1,0,-0.0,g5g4,-0.0,g5g4,-0.02564102564102564,g5g4,-0.02564102564102564,g5g4
41525,1r2r1k1/p4pb1/1np1p1p1/q1NpP2p/5P2/1P6/P1P1QBPP/4RRK1 b - - 0 1,-0.0,-0.1668701171875,0.1668701171875,-0.0,-0.0,0.0,0.02564102564102564,0.01282051282051282,0.0,1,0,0.02564102564102564,a5a2,0.02564102564102564,a5a2,-0.0,a5a2,-0.0,a5a2
43022,r4rk1/5ppp/p2Rbn2/2p3P1/1p2P3/4QP2/qPP1B2P/1NK4R b - - 0 1,-0.0,-0.00421905517578125,0.00421905517578125,-0.0,-0.0,0.0,0.02564102564102564,0.01282051282051282,0.0,3,3,-0.02564102564102564,f6d5,-0.0,g8h8,-0.02564102564102564,a2a1,-0.0,f6d7
45743,R7/2k2ppp/8/pP1r4/6PP/5PK1/8/8 b - - 0 1,0.023329099640250206,0.1953125,0.1719834003597498,-0.0,-0.0,0.0,0.02564102564102564,0.011102889792108188,0.0,2,0,-0.0,d5b5,0.02564102564102564,d5b5,-0.0,d5b5,-0.0,d5b5
8750,8/8/3p4/8/4k1B1/6b1/5p2/5K2 w - - 0 1,0.0,-0.06060791015625,0.06060791015625,-0.05128205128205128,-0.02564102564102564,0.02564102564102564,0.02564102564102564,0.01282051282051282,0.02564102564102564,0,1,-0.05128205128205128,f1g2,-0.02564102564102564,g4h5,-0.05128205128205128,g4h5,-0.02564102564102564,g4h5
10552,1r2k2r/4bppp/4pn2/RP1p1b2/1ppP4/2P1P3/1P1NBPPP/4K1NR w Kk - 0 1,-0.0582672581076622,-0.029632568359375,0.0286346897482872,0.02564102564102564,0.0,0.0,0.02564102564102564,0.01282051282051282,0.02564102564102564,1,0,0.02564102564102564,c3b4,0.02564102564102564,c3b4,0.0,c3b4,0.0,c3b4
11976,4k1nr/pp1bppbp/6p1/8/3P4/1RN1B3/P1r1BPPP/R5K1 b k - 0 1,-0.04330623149871826,-0.051177978515625,0.007871747016906738,0.02564102564102564,0.05128205128205128,0.05128205128205128,0.02564102564102564,0.01282051282051282,0.02564102564102564,0,1,0.02564102564102564,a7a6,0.05128205128205128,d7e6,0.02564102564102564,d7e6,0.05128205128205128,d7e6
25412,8/1p1Q3p/p2R4/P7/1q2pp2/5k2/K7/8 b - - 0 1,-0.0,0.101318359375,0.101318359375,-0.02564102564102564,-0.0,0.0,0.02564102564102564,0.011102889792108188,0.02564102564102564,1,0,-0.02564102564102564,b4a5,-0.0,b4a5,-0.0,b4a5,-0.0,b4a5
29036,3kb3/2r2pp1/1p2p2r/p2pP1pP/3P2P1/3BPR2/PP1K4/2R5 w - - 0 1,0.0996679961681366,0.274658203125,0.1749902069568634,0.0,0.02564102564102564,0.02564102564102564,0.02564102564102564,0.01282051282051282,0.02564102564102564,0,0,0.05128205128205128,c1c7,0.05128205128205128,c1c7,0.02564102564102564,c1c7,0.02564102564102564,c1c7
10075,r2q1rk1/6pp/p1pN2n1/3pp3/4P3/4BP2/PP2QP1P/2RR2K1 b - - 0 1,0.011666137725114822,-0.0019254684448242188,0.013591606169939041,-0.07692307692307693,-0.02564102564102564,0.02564102564102564,0.02564102564102564,0.011102889792108188,0.05128205128205129,0,0,-0.05128205128205128,d8d6,-0.02564102564102564,d8d6,-0.02564102564102564,d8d6,-0.02564102564102564,d8d6
38082,1k2N3/1p3p2/7b/5r1p/2pp4/4nB2/PP5P/3RK2R w - - 0 1,-0.00999966636300087,0.20068359375,0.21068326011300087,0.07692307692307693,0.02564102564102564,0.02564102564102564,0.02564102564102564,0.01282051282051282,0.05128205128205129,0,0,0.05128205128205128,f3e4,0.05128205128205128,f3e4,0.02564102564102564,f3e4,0.02564102564102564,f3e4
33808,r1bqk2r/pp1p1ppp/2p2n2/8/4P3/2bN4/PPPP1PPP/R1BQK2R w KQkq - 0 1,0.19096001982688904,0.09521484375,0.09574517607688904,-0.05128205128205128,0.02564102564102564,0.02564102564102564,0.02564102564102564,0.011102889792108188,0.07692307692307693,1,1,0.0,b2c3,0.0,b2c3,0.0,b2c3,0.02564102564102564,d2c3
18588,1R6/K4pk1/P3p3/6p1/7p/5r1P/8/8 w - - 0 1,0.0,-0.018096923828125,0.018096923828125,-0.05128205128205128,-0.07692307692307693,0.07692307692307693,0.025641025641025647,0.012820512820512824,0.025641025641025647,0,0,-0.05128205128205128,b8b5,-0.05128205128205128,b8b5,-0.07692307692307693,b8b5,-0.07692307692307693,b8b5
27011,1k2r3/pbq3p1/8/2b3B1/3nN3/5P1P/PP4K1/R3QR2 b - - 0 1,0.11449570953845978,0.373046875,0.2585511654615402,-0.10256410256410256,-0.05128205128205128,0.05128205128205128,0.025641025641025647,0.011102889792108191,0.05128205128205128,0,1,-0.07692307692307693,d4f3,-0.05128205128205128,d4c2,-0.05128205128205128,d4c2,-0.05128205128205128,d4c2
42833,r2q1rk1/p3nppp/1p1bp3/8/2pPQ2B/2P2N2/PP3PPP/3RK2R b K - 0 1,-0.016665123403072357,-0.039459228515625,0.022794105112552643,-0.0,-0.0,0.0,0.05128205128205128,0.022205779584216375,0.0,2,2,-0.0,g8h8,0.05128205128205128,g7g5,-0.0,g8h8,-0.0,g8h8
8265,7k/2p3q1/p6p/1p6/8/5r1b/PP1Q2PP/4R1K1 w - - 0 1,-0.15214285254478455,-0.307861328125,0.15571847558021545,-0.07692307692307693,-0.02564102564102564,0.02564102564102564,0.07692307692307693,0.03330866937632456,0.05128205128205129,2,1,-0.07692307692307693,g1h1,0.0,e1e8,-0.07692307692307693,e1e8,-0.02564102564102564,e1e8
25570,r1bR2k1/p3qpbp/2p1nnp1/2p1p3/1P2P3/P1N1BN1P/2Q1BPP1/5RK1 b - - 0 1,-0.06490861624479294,-0.0694580078125,0.004549391567707062,-0.10256410256410256,-0.0,0.0,0.10256410256410256,0.042034862335269235,0.10256410256410256,3,0,-0.10256410256410256,e6d8,-0.0,e6d8,-0.02564102564102564,e6d8,-0.0,e6d8
